source,target,status,preserve_query_string
https://www.hikasustravel.com/en/destinations/,https://www.hikasustravel.com/en/georgia/,301,true
https://www.hikasustravel.com/en/destinations/regions/,https://www.hikasustravel.com/en/georgia/regions/,301,true
https://www.hikasustravel.com/en/destinations/cities/,https://www.hikasustravel.com/en/georgia/cities/,301,true
https://www.hikasustravel.com/en/destinations/places-to-visit/,https://www.hikasustravel.com/en/georgia/places-to-visit/,301,true
https://www.hikasustravel.com/en/destinations/cities/tbilisi/,https://www.hikasustravel.com/en/georgia/tbilisi/,301,true
https://www.hikasustravel.com/en/destinations/tbilisi/,https://www.hikasustravel.com/en/georgia/tbilisi/,301,true
https://www.hikasustravel.com/en/things-to-do-in-tbilisi/,https://www.hikasustravel.com/en/georgia/tbilisi/things-to-do-in-tbilisi/,301,true
https://www.hikasustravel.com/en/destinations/cities/akhaltsikhe/,https://www.hikasustravel.com/en/georgia/akhaltsikhe/,301,true
https://www.hikasustravel.com/en/destinations/akhaltsikhe/,https://www.hikasustravel.com/en/georgia/akhaltsikhe/,301,true
https://www.hikasustravel.com/en/things-to-do-in-akhaltsikhe/,https://www.hikasustravel.com/en/georgia/akhaltsikhe/things-to-do-in-akhaltsikhe/,301,true
https://www.hikasustravel.com/en/destinations/cities/ambrolauri/,https://www.hikasustravel.com/en/georgia/ambrolauri/,301,true
https://www.hikasustravel.com/en/destinations/ambrolauri/,https://www.hikasustravel.com/en/georgia/ambrolauri/,301,true
https://www.hikasustravel.com/en/things-to-do-in-ambrolauri/,https://www.hikasustravel.com/en/georgia/ambrolauri/things-to-do-in-ambrolauri/,301,true
https://www.hikasustravel.com/en/destinations/cities/bakuriani/,https://www.hikasustravel.com/en/georgia/bakuriani/,301,true
https://www.hikasustravel.com/en/destinations/bakuriani/,https://www.hikasustravel.com/en/georgia/bakuriani/,301,true
https://www.hikasustravel.com/en/things-to-do-in-bakuriani/,https://www.hikasustravel.com/en/georgia/bakuriani/things-to-do-in-bakuriani/,301,true
https://www.hikasustravel.com/en/destinations/cities/bakhmaro/,https://www.hikasustravel.com/en/georgia/bakhmaro/,301,true
https://www.hikasustravel.com/en/destinations/bakhmaro/,https://www.hikasustravel.com/en/georgia/bakhmaro/,301,true
https://www.hikasustravel.com/en/destinations/cities/gomismta/,https://www.hikasustravel.com/en/georgia/gomismta/,301,true
https://www.hikasustravel.com/en/destinations/gomismta/,https://www.hikasustravel.com/en/georgia/gomismta/,301,true
https://www.hikasustravel.com/en/destinations/cities/kutaisi/,https://www.hikasustravel.com/en/georgia/kutaisi/,301,true
https://www.hikasustravel.com/en/destinations/kutaisi/,https://www.hikasustravel.com/en/georgia/kutaisi/,301,true
https://www.hikasustravel.com/en/things-to-do-in-kutaisi/,https://www.hikasustravel.com/en/georgia/kutaisi/things-to-do-in-kutaisi/,301,true
https://www.hikasustravel.com/en/destinations/cities/tskaltubo/,https://www.hikasustravel.com/en/georgia/tskaltubo/,301,true
https://www.hikasustravel.com/en/destinations/tskaltubo/,https://www.hikasustravel.com/en/georgia/tskaltubo/,301,true
https://www.hikasustravel.com/en/things-to-do-in-tskaltubo/,https://www.hikasustravel.com/en/georgia/tskaltubo/things-to-do-in-tskaltubo/,301,true
https://www.hikasustravel.com/en/destinations/cities/chiatura/,https://www.hikasustravel.com/en/georgia/chiatura/,301,true
https://www.hikasustravel.com/en/destinations/chiatura/,https://www.hikasustravel.com/en/georgia/chiatura/,301,true
https://www.hikasustravel.com/en/things-to-do-in-chiatura/,https://www.hikasustravel.com/en/georgia/chiatura/things-to-do-in-chiatura/,301,true
https://www.hikasustravel.com/en/destinations/cities/batumi/,https://www.hikasustravel.com/en/georgia/batumi/,301,true
https://www.hikasustravel.com/en/destinations/batumi/,https://www.hikasustravel.com/en/georgia/batumi/,301,true
https://www.hikasustravel.com/en/things-to-do-in-batumi/,https://www.hikasustravel.com/en/georgia/batumi/things-to-do-in-batumi/,301,true
https://www.hikasustravel.com/en/destinations/cities/mtskheta/,https://www.hikasustravel.com/en/georgia/mtskheta/,301,true
https://www.hikasustravel.com/en/destinations/mtskheta/,https://www.hikasustravel.com/en/georgia/mtskheta/,301,true
https://www.hikasustravel.com/en/things-to-do-in-mtskheta/,https://www.hikasustravel.com/en/georgia/mtskheta/things-to-do-in-mtskheta/,301,true
https://www.hikasustravel.com/en/destinations/cities/ushguli/,https://www.hikasustravel.com/en/georgia/ushguli/,301,true
https://www.hikasustravel.com/en/destinations/ushguli/,https://www.hikasustravel.com/en/georgia/ushguli/,301,true
https://www.hikasustravel.com/en/things-to-do-in-ushguli/,https://www.hikasustravel.com/en/georgia/ushguli/things-to-do-in-ushguli/,301,true
https://www.hikasustravel.com/en/destinations/cities/mestia/,https://www.hikasustravel.com/en/georgia/mestia/,301,true
https://www.hikasustravel.com/en/destinations/mestia/,https://www.hikasustravel.com/en/georgia/mestia/,301,true
https://www.hikasustravel.com/en/things-to-do-in-mestia/,https://www.hikasustravel.com/en/georgia/mestia/things-to-do-in-mestia/,301,true
https://www.hikasustravel.com/en/destinations/cities/zugdidi/,https://www.hikasustravel.com/en/georgia/zugdidi/,301,true
https://www.hikasustravel.com/en/destinations/zugdidi/,https://www.hikasustravel.com/en/georgia/zugdidi/,301,true
https://www.hikasustravel.com/en/things-to-do-in-zugdidi/,https://www.hikasustravel.com/en/georgia/zugdidi/things-to-do-in-zugdidi/,301,true
https://www.hikasustravel.com/en/destinations/cities/martvili/,https://www.hikasustravel.com/en/georgia/martvili/,301,true
https://www.hikasustravel.com/en/destinations/martvili/,https://www.hikasustravel.com/en/georgia/martvili/,301,true
https://www.hikasustravel.com/en/things-to-do-in-martvili/,https://www.hikasustravel.com/en/georgia/martvili/things-to-do-in-martvili/,301,true
https://www.hikasustravel.com/en/destinations/cities/telavi/,https://www.hikasustravel.com/en/georgia/telavi/,301,true
https://www.hikasustravel.com/en/destinations/telavi/,https://www.hikasustravel.com/en/georgia/telavi/,301,true
https://www.hikasustravel.com/en/things-to-do-in-telavi/,https://www.hikasustravel.com/en/georgia/telavi/things-to-do-in-telavi/,301,true
https://www.hikasustravel.com/en/destinations/cities/oni/,https://www.hikasustravel.com/en/georgia/oni/,301,true
https://www.hikasustravel.com/en/destinations/oni/,https://www.hikasustravel.com/en/georgia/oni/,301,true
https://www.hikasustravel.com/en/things-to-do-in-oni/,https://www.hikasustravel.com/en/georgia/oni/things-to-do-in-oni/,301,true
https://www.hikasustravel.com/en/destinations/cities/gurjaani/,https://www.hikasustravel.com/en/georgia/gurjaani/,301,true
https://www.hikasustravel.com/en/destinations/gurjaani/,https://www.hikasustravel.com/en/georgia/gurjaani/,301,true
https://www.hikasustravel.com/en/things-to-do-in-gurjaani/,https://www.hikasustravel.com/en/georgia/gurjaani/things-to-do-in-gurjaani/,301,true
https://www.hikasustravel.com/en/destinations/cities/sighnaghi/,https://www.hikasustravel.com/en/georgia/sighnaghi/,301,true
https://www.hikasustravel.com/en/destinations/sighnaghi/,https://www.hikasustravel.com/en/georgia/sighnaghi/,301,true
https://www.hikasustravel.com/en/things-to-do-in-sighnaghi/,https://www.hikasustravel.com/en/georgia/sighnaghi/things-to-do-in-sighnaghi/,301,true
https://www.hikasustravel.com/en/destinations/cities/rustavi/,https://www.hikasustravel.com/en/georgia/rustavi/,301,true
https://www.hikasustravel.com/en/destinations/rustavi/,https://www.hikasustravel.com/en/georgia/rustavi/,301,true
https://www.hikasustravel.com/en/things-to-do-in-rustavi/,https://www.hikasustravel.com/en/georgia/rustavi/things-to-do-in-rustavi/,301,true
https://www.hikasustravel.com/en/destinations/cities/kvareli/,https://www.hikasustravel.com/en/georgia/kvareli/,301,true
https://www.hikasustravel.com/en/destinations/kvareli/,https://www.hikasustravel.com/en/georgia/kvareli/,301,true
https://www.hikasustravel.com/en/things-to-do-in-kvareli/,https://www.hikasustravel.com/en/georgia/kvareli/things-to-do-in-kvareli/,301,true
https://www.hikasustravel.com/en/destinations/cities/gori/,https://www.hikasustravel.com/en/georgia/gori/,301,true
https://www.hikasustravel.com/en/destinations/gori/,https://www.hikasustravel.com/en/georgia/gori/,301,true
https://www.hikasustravel.com/en/things-to-do-in-gori/,https://www.hikasustravel.com/en/georgia/gori/things-to-do-in-gori/,301,true
https://www.hikasustravel.com/en/destinations/cities/borjomi/,https://www.hikasustravel.com/en/georgia/borjomi/,301,true
https://www.hikasustravel.com/en/destinations/borjomi/,https://www.hikasustravel.com/en/georgia/borjomi/,301,true
https://www.hikasustravel.com/en/things-to-do-in-borjomi/,https://www.hikasustravel.com/en/georgia/borjomi/things-to-do-in-borjomi/,301,true
https://www.hikasustravel.com/en/destinations/cities/kazbegi/,https://www.hikasustravel.com/en/georgia/kazbegi/,301,true
https://www.hikasustravel.com/en/destinations/kazbegi/,https://www.hikasustravel.com/en/georgia/kazbegi/,301,true
https://www.hikasustravel.com/en/things-to-do-in-kazbegi/,https://www.hikasustravel.com/en/georgia/kazbegi/things-to-do-in-kazbegi/,301,true
https://www.hikasustravel.com/en/destinations/cities/gudauri/,https://www.hikasustravel.com/en/georgia/gudauri/,301,true
https://www.hikasustravel.com/en/destinations/gudauri/,https://www.hikasustravel.com/en/georgia/gudauri/,301,true
https://www.hikasustravel.com/en/things-to-do-in-gudauri/,https://www.hikasustravel.com/en/georgia/gudauri/things-to-do-in-gudauri/,301,true
https://www.hikasustravel.com/en/destinations/cities/dmanisi/,https://www.hikasustravel.com/en/georgia/dmanisi/,301,true
https://www.hikasustravel.com/en/destinations/dmanisi/,https://www.hikasustravel.com/en/georgia/dmanisi/,301,true
https://www.hikasustravel.com/en/things-to-do-in-dmanisi/,https://www.hikasustravel.com/en/georgia/dmanisi/things-to-do-in-dmanisi/,301,true
https://www.hikasustravel.com/en/destinations/cities/bolnisi/,https://www.hikasustravel.com/en/georgia/bolnisi/,301,true
https://www.hikasustravel.com/en/destinations/bolnisi/,https://www.hikasustravel.com/en/georgia/bolnisi/,301,true
https://www.hikasustravel.com/en/things-to-do-in-bolnisi/,https://www.hikasustravel.com/en/georgia/bolnisi/things-to-do-in-bolnisi/,301,true
https://www.hikasustravel.com/en/destinations/regions/adjara/,https://www.hikasustravel.com/en/georgia/regions/adjara/,301,true
https://www.hikasustravel.com/en/things-to-do-in-adjara/,https://www.hikasustravel.com/en/georgia/adjara/things-to-do-in-adjara/,301,true
https://www.hikasustravel.com/en/destinations/regions/guria/,https://www.hikasustravel.com/en/georgia/regions/guria/,301,true
https://www.hikasustravel.com/en/things-to-do-in-guria/,https://www.hikasustravel.com/en/georgia/guria/things-to-do-in-guria/,301,true
https://www.hikasustravel.com/en/destinations/regions/imereti/,https://www.hikasustravel.com/en/georgia/regions/imereti/,301,true
https://www.hikasustravel.com/en/things-to-do-in-imereti/,https://www.hikasustravel.com/en/georgia/imereti/things-to-do-in-imereti/,301,true
https://www.hikasustravel.com/en/destinations/regions/kakheti/,https://www.hikasustravel.com/en/georgia/regions/kakheti/,301,true
https://www.hikasustravel.com/en/things-to-do-in-kakheti/,https://www.hikasustravel.com/en/georgia/kakheti/things-to-do-in-kakheti/,301,true
https://www.hikasustravel.com/en/destinations/regions/kvemo-kartli/,https://www.hikasustravel.com/en/georgia/regions/kvemo-kartli/,301,true
https://www.hikasustravel.com/en/things-to-do-in-kvemo-kartli/,https://www.hikasustravel.com/en/georgia/kvemo-kartli/things-to-do-in-kvemo-kartli/,301,true
https://www.hikasustravel.com/en/destinations/regions/lechkhumi/,https://www.hikasustravel.com/en/georgia/regions/lechkhumi/,301,true
https://www.hikasustravel.com/en/things-to-do-in-lechkhumi/,https://www.hikasustravel.com/en/georgia/lechkhumi/things-to-do-in-lechkhumi/,301,true
https://www.hikasustravel.com/en/destinations/regions/mtskheta-mtianeti/,https://www.hikasustravel.com/en/georgia/regions/mtskheta-mtianeti/,301,true
https://www.hikasustravel.com/en/things-to-do-in-mtskheta-mtianeti/,https://www.hikasustravel.com/en/georgia/mtskheta-mtianeti/things-to-do-in-mtskheta-mtianeti/,301,true
https://www.hikasustravel.com/en/destinations/regions/racha/,https://www.hikasustravel.com/en/georgia/regions/racha/,301,true
https://www.hikasustravel.com/en/things-to-do-in-racha/,https://www.hikasustravel.com/en/georgia/racha/things-to-do-in-racha/,301,true
https://www.hikasustravel.com/en/destinations/regions/samegrelo/,https://www.hikasustravel.com/en/georgia/regions/samegrelo/,301,true
https://www.hikasustravel.com/en/things-to-do-in-samegrelo/,https://www.hikasustravel.com/en/georgia/samegrelo/things-to-do-in-samegrelo/,301,true
https://www.hikasustravel.com/en/destinations/regions/samtskhe-javakheti/,https://www.hikasustravel.com/en/georgia/regions/samtskhe-javakheti/,301,true
https://www.hikasustravel.com/en/things-to-do-in-samtskhe-javakheti/,https://www.hikasustravel.com/en/georgia/samtskhe-javakheti/things-to-do-in-samtskhe-javakheti/,301,true
https://www.hikasustravel.com/en/destinations/regions/shida-kartli/,https://www.hikasustravel.com/en/georgia/regions/shida-kartli/,301,true
https://www.hikasustravel.com/en/things-to-do-in-shida-kartli/,https://www.hikasustravel.com/en/georgia/shida-kartli/things-to-do-in-shida-kartli/,301,true
https://www.hikasustravel.com/en/destinations/regions/svaneti/,https://www.hikasustravel.com/en/georgia/regions/svaneti/,301,true
https://www.hikasustravel.com/en/things-to-do-in-svaneti/,https://www.hikasustravel.com/en/georgia/svaneti/things-to-do-in-svaneti/,301,true
https://www.hikasustravel.com/en/georgia/regions/racha-lechkhumi/tsageri-history-museum/,https://www.hikasustravel.com/en/georgia/racha-lechkhumi/tsageri-history-museum/,301,true
https://www.hikasustravel.com/en/georgia/regions/racha-lechkhumi/sairme-pillars/,https://www.hikasustravel.com/en/georgia/racha-lechkhumi/sairme-pillars/,301,true
https://www.hikasustravel.com/en/georgia/regions/racha-lechkhumi/rachkha-waterfall/,https://www.hikasustravel.com/en/georgia/racha-lechkhumi/rachkha-waterfall/,301,true
https://www.hikasustravel.com/en/georgia/regions/racha-lechkhumi/verdzistava-waterfall/,https://www.hikasustravel.com/en/georgia/racha-lechkhumi/verdzistava-waterfall/,301,true
https://www.hikasustravel.com/en/georgia/regions/racha-lechkhumi/zubi-fortress/,https://www.hikasustravel.com/en/georgia/racha-lechkhumi/zubi-fortress/,301,true
https://www.hikasustravel.com/en/georgia/regions/racha-lechkhumi/orbeli-fortress/,https://www.hikasustravel.com/en/georgia/racha-lechkhumi/orbeli-fortress/,301,true
https://www.hikasustravel.com/en/georgia/regions/racha-lechkhumi/lailashi-pool-okronishi/,https://www.hikasustravel.com/en/georgia/racha-lechkhumi/lailashi-pool-okronishi/,301,true
https://www.hikasustravel.com/en/georgia/regions/racha-lechkhumi/kulbaki-lakes/,https://www.hikasustravel.com/en/georgia/racha-lechkhumi/kulbaki-lakes/,301,true
https://www.hikasustravel.com/en/georgia/regions/racha-lechkhumi/cholevi-lake/,https://www.hikasustravel.com/en/georgia/racha-lechkhumi/cholevi-lake/,301,true
https://www.hikasustravel.com/en/georgia/regions/racha-lechkhumi/love-waterfall/,https://www.hikasustravel.com/en/georgia/racha-lechkhumi/love-waterfall/,301,true
https://www.hikasustravel.com/en/georgia/regions/racha-lechkhumi/minda-fortress/,https://www.hikasustravel.com/en/georgia/racha-lechkhumi/minda-fortress/,301,true
https://www.hikasustravel.com/en/georgia/regions/racha-lechkhumi/nikortsminda-cathedral/,https://www.hikasustravel.com/en/georgia/racha-lechkhumi/nikortsminda-cathedral/,301,true
https://www.hikasustravel.com/en/georgia/regions/racha-lechkhumi/shaori-lake/,https://www.hikasustravel.com/en/georgia/racha-lechkhumi/shaori-lake/,301,true
https://www.hikasustravel.com/en/georgia/regions/racha-lechkhumi/udziro-lake/,https://www.hikasustravel.com/en/georgia/racha-lechkhumi/udziro-lake/,301,true
https://www.hikasustravel.com/en/georgia/regions/racha-lechkhumi/khvamli-mountain/,https://www.hikasustravel.com/en/georgia/racha-lechkhumi/khvamli-mountain/,301,true
https://www.hikasustravel.com/en/georgia/regions/racha-lechkhumi/ghvirishi-waterfall/,https://www.hikasustravel.com/en/georgia/racha-lechkhumi/ghvirishi-waterfall/,301,true
https://www.hikasustravel.com/en/georgia/regions/racha-lechkhumi/askhi-massif/,https://www.hikasustravel.com/en/georgia/racha-lechkhumi/askhi-massif/,301,true
https://www.hikasustravel.com/en/georgia/regions/racha-lechkhumi/dekhviri-fortress/,https://www.hikasustravel.com/en/georgia/racha-lechkhumi/dekhviri-fortress/,301,true
https://www.hikasustravel.com/en/georgia/regions/kvemo-kartli/algeti-national-park/,https://www.hikasustravel.com/en/georgia/kvemo-kartli/algeti-national-park/,301,true
https://www.hikasustravel.com/en/georgia/regions/kvemo-kartli/birtvisi-fortress/,https://www.hikasustravel.com/en/georgia/kvemo-kartli/birtvisi-fortress/,301,true
https://www.hikasustravel.com/en/georgia/regions/kvemo-kartli/tsalka-dashbashi-canyon/,https://www.hikasustravel.com/en/georgia/kvemo-kartli/tsalka-dashbashi-canyon/,301,true
https://www.hikasustravel.com/en/georgia/regions/kakheti/ujarma-fortress/,https://www.hikasustravel.com/en/georgia/kakheti/ujarma-fortress/,301,true
https://www.hikasustravel.com/en/georgia/regions/kakheti/rtveli-georgian-grape-harvest/,https://www.hikasustravel.com/en/georgia/kakheti/rtveli-georgian-grape-harvest/,301,true
https://www.hikasustravel.com/en/georgia/regions/kakheti/pankisi-gorge/,https://www.hikasustravel.com/en/georgia/kakheti/pankisi-gorge/,301,true
https://www.hikasustravel.com/en/georgia/regions/kakheti/kvetera-fortress/,https://www.hikasustravel.com/en/georgia/kakheti/kvetera-fortress/,301,true
https://www.hikasustravel.com/en/georgia/regions/kakheti/lagodekhi-national-park/,https://www.hikasustravel.com/en/georgia/kakheti/lagodekhi-national-park/,301,true
https://www.hikasustravel.com/en/georgia/regions/kakheti/vashlovani-national-park/,https://www.hikasustravel.com/en/georgia/kakheti/vashlovani-national-park/,301,true
https://www.hikasustravel.com/en/georgia/regions/kakheti/gremi-archangels-complex/,https://www.hikasustravel.com/en/georgia/kakheti/gremi-archangels-complex/,301,true
https://www.hikasustravel.com/en/georgia/regions/kakheti/gombori-pass/,https://www.hikasustravel.com/en/georgia/kakheti/gombori-pass/,301,true
https://www.hikasustravel.com/en/georgia/regions/kakheti/david-gareja-monastery/,https://www.hikasustravel.com/en/georgia/kakheti/david-gareja-monastery/,301,true
https://www.hikasustravel.com/en/georgia/regions/guria/georgia-in-miniatures-shekvetili/,https://www.hikasustravel.com/en/georgia/guria/georgia-in-miniatures-shekvetili/,301,true
https://www.hikasustravel.com/en/georgia/regions/guria/musicians-park-shekvetili/,https://www.hikasustravel.com/en/georgia/guria/musicians-park-shekvetili/,301,true
https://www.hikasustravel.com/en/georgia/regions/guria/shekvetili-dendrological-park/,https://www.hikasustravel.com/en/georgia/guria/shekvetili-dendrological-park/,301,true
https://www.hikasustravel.com/en/georgia/regions/guria/shemokmedi-monastery/,https://www.hikasustravel.com/en/georgia/guria/shemokmedi-monastery/,301,true
https://www.hikasustravel.com/en/georgia/regions/guria/ureki-beach/,https://www.hikasustravel.com/en/georgia/guria/ureki-beach/,301,true
https://www.hikasustravel.com/en/georgia/regions/mtskheta-mtianeti/ananuri-fortress/,https://www.hikasustravel.com/en/georgia/mtskheta-mtianeti/ananuri-fortress/,301,true
https://www.hikasustravel.com/en/georgia/regions/shida-kartli/bateti-lake/,https://www.hikasustravel.com/en/georgia/shida-kartli/bateti-lake/,301,true
https://www.hikasustravel.com/en/georgia/regions/shida-kartli/kintsvisi-monastery/,https://www.hikasustravel.com/en/georgia/shida-kartli/kintsvisi-monastery/,301,true
https://www.hikasustravel.com/en/georgia/regions/shida-kartli/kvatakhevi-monastery/,https://www.hikasustravel.com/en/georgia/shida-kartli/kvatakhevi-monastery/,301,true
https://www.hikasustravel.com/en/georgia/regions/shida-kartli/samtavisi-cathedral/,https://www.hikasustravel.com/en/georgia/shida-kartli/samtavisi-cathedral/,301,true
https://www.hikasustravel.com/en/georgia/regions/imereti/prometheus-cave/,https://www.hikasustravel.com/en/georgia/imereti/prometheus-cave/,301,true
https://www.hikasustravel.com/en/georgia/regions/samtskhe-javakheti/vardzia/,https://www.hikasustravel.com/en/georgia/samtskhe-javakheti/vardzia/,301,true
https://www.hikasustravel.com/en/georgia/regions/samegrelo/nokalakevi/,https://www.hikasustravel.com/en/georgia/samegrelo/nokalakevi/,301,true
https://www.hikasustravel.com/en/georgia/regions/samegrelo/tobavarchkhili-lakes/,https://www.hikasustravel.com/en/georgia/samegrelo/tobavarchkhili-lakes/,301,true
https://www.hikasustravel.com/en/georgia/regions/samegrelo/paliastomi-lake-kolkheti-national-park/,https://www.hikasustravel.com/en/georgia/samegrelo/paliastomi-lake-kolkheti-national-park/,301,true
https://www.hikasustravel.com/en/georgia/regions/samegrelo/enguri-dam/,https://www.hikasustravel.com/en/georgia/samegrelo/enguri-dam/,301,true
https://www.hikasustravel.com/en/georgia/regions/samegrelo/intsra-waterfall/,https://www.hikasustravel.com/en/georgia/samegrelo/intsra-waterfall/,301,true
https://www.hikasustravel.com/en/georgia/regions/samegrelo/kolkheti-national-park/,https://www.hikasustravel.com/en/georgia/samegrelo/kolkheti-national-park/,301,true
https://www.hikasustravel.com/en/georgia/regions/svaneti/mount-ushba/,https://www.hikasustravel.com/en/georgia/svaneti/mount-ushba/,301,true
https://www.hikasustravel.com/en/georgia/regions/svaneti/svan-towers/,https://www.hikasustravel.com/en/georgia/svaneti/svan-towers/,301,true
https://www.hikasustravel.com/en/georgia/regions/samtskhe-javakheti/borjomi-kharagauli-national-park/,https://www.hikasustravel.com/en/georgia/samtskhe-javakheti/borjomi-kharagauli-national-park/,301,true
https://www.hikasustravel.com/en/georgia/regions/samtskhe-javakheti/khertvisi-fortress/,https://www.hikasustravel.com/en/georgia/samtskhe-javakheti/khertvisi-fortress/,301,true
https://www.hikasustravel.com/en/georgia/regions/samtskhe-javakheti/tmogvi-fortress/,https://www.hikasustravel.com/en/georgia/samtskhe-javakheti/tmogvi-fortress/,301,true
https://www.hikasustravel.com/en/georgia/regions/samtskhe-javakheti/lake-paravani/,https://www.hikasustravel.com/en/georgia/samtskhe-javakheti/lake-paravani/,301,true
https://www.hikasustravel.com/en/georgia/regions/samtskhe-javakheti/poka-nunnery/,https://www.hikasustravel.com/en/georgia/samtskhe-javakheti/poka-nunnery/,301,true
https://www.hikasustravel.com/en/georgia/regions/imereti/vani-archaeological-museum/,https://www.hikasustravel.com/en/georgia/imereti/vani-archaeological-museum/,301,true
https://www.hikasustravel.com/en/georgia/regions/imereti/ubisa-monastery/,https://www.hikasustravel.com/en/georgia/imereti/ubisa-monastery/,301,true
https://www.hikasustravel.com/en/georgia/regions/imereti/sataplia-nature-reserve/,https://www.hikasustravel.com/en/georgia/imereti/sataplia-nature-reserve/,301,true
https://www.hikasustravel.com/en/georgia/regions/imereti/okatse-kinchkha-waterfall/,https://www.hikasustravel.com/en/georgia/imereti/okatse-kinchkha-waterfall/,301,true
https://www.hikasustravel.com/en/georgia/racha-lechkhumi/khvanchkara-wine-monument/,https://www.hikasustravel.com/en/georgia/ambrolauri/khvanchkara-wine-monument/,301,true
https://www.hikasustravel.com/en/georgia/regions/racha-lechkhumi/khvanchkara-wine-monument/,https://www.hikasustravel.com/en/georgia/ambrolauri/khvanchkara-wine-monument/,301,true
https://www.hikasustravel.com/en/georgia/racha-lechkhumi/oni-synagogue/,https://www.hikasustravel.com/en/georgia/oni/oni-synagogue/,301,true
https://www.hikasustravel.com/en/georgia/regions/racha-lechkhumi/oni-synagogue/,https://www.hikasustravel.com/en/georgia/oni/oni-synagogue/,301,true
https://www.hikasustravel.com/en/georgia/kakheti/nekresi-monastery/,https://www.hikasustravel.com/en/georgia/kvareli/nekresi-monastery/,301,true
https://www.hikasustravel.com/en/georgia/regions/kakheti/nekresi-monastery/,https://www.hikasustravel.com/en/georgia/kvareli/nekresi-monastery/,301,true
https://www.hikasustravel.com/en/georgia/kakheti/gurjaani-kvelatsminda/,https://www.hikasustravel.com/en/georgia/gurjaani/gurjaani-kvelatsminda/,301,true
https://www.hikasustravel.com/en/georgia/regions/kakheti/gurjaani-kvelatsminda/,https://www.hikasustravel.com/en/georgia/gurjaani/gurjaani-kvelatsminda/,301,true
https://www.hikasustravel.com/en/georgia/shida-kartli/uplistsikhe/,https://www.hikasustravel.com/en/georgia/gori/uplistsikhe/,301,true
https://www.hikasustravel.com/en/georgia/regions/shida-kartli/uplistsikhe/,https://www.hikasustravel.com/en/georgia/gori/uplistsikhe/,301,true
https://www.hikasustravel.com/en/georgia/shida-kartli/ateni-sioni/,https://www.hikasustravel.com/en/georgia/gori/ateni-sioni/,301,true
https://www.hikasustravel.com/en/georgia/regions/shida-kartli/ateni-sioni/,https://www.hikasustravel.com/en/georgia/gori/ateni-sioni/,301,true
https://www.hikasustravel.com/en/georgia/samegrelo/martvili-canyon/,https://www.hikasustravel.com/en/georgia/martvili/martvili-canyon/,301,true
https://www.hikasustravel.com/en/georgia/regions/samegrelo/martvili-canyon/,https://www.hikasustravel.com/en/georgia/martvili/martvili-canyon/,301,true
https://www.hikasustravel.com/en/georgia/samegrelo/martvili-monastery/,https://www.hikasustravel.com/en/georgia/martvili/martvili-monastery/,301,true
https://www.hikasustravel.com/en/georgia/regions/samegrelo/martvili-monastery/,https://www.hikasustravel.com/en/georgia/martvili/martvili-monastery/,301,true
https://www.hikasustravel.com/en/georgia/samegrelo/dadiani-palace-museum/,https://www.hikasustravel.com/en/georgia/zugdidi/dadiani-palace-museum/,301,true
https://www.hikasustravel.com/en/georgia/regions/samegrelo/dadiani-palace-museum/,https://www.hikasustravel.com/en/georgia/zugdidi/dadiani-palace-museum/,301,true
https://www.hikasustravel.com/en/georgia/svaneti/chalaadi-glacier/,https://www.hikasustravel.com/en/georgia/mestia/chalaadi-glacier/,301,true
https://www.hikasustravel.com/en/georgia/regions/svaneti/chalaadi-glacier/,https://www.hikasustravel.com/en/georgia/mestia/chalaadi-glacier/,301,true
https://www.hikasustravel.com/en/georgia/svaneti/koruldi-lakes/,https://www.hikasustravel.com/en/georgia/mestia/koruldi-lakes/,301,true
https://www.hikasustravel.com/en/georgia/regions/svaneti/koruldi-lakes/,https://www.hikasustravel.com/en/georgia/mestia/koruldi-lakes/,301,true
https://www.hikasustravel.com/en/georgia/svaneti/tetnuldi-ski-resort/,https://www.hikasustravel.com/en/georgia/mestia/tetnuldi-ski-resort/,301,true
https://www.hikasustravel.com/en/georgia/regions/svaneti/tetnuldi-ski-resort/,https://www.hikasustravel.com/en/georgia/mestia/tetnuldi-ski-resort/,301,true
https://www.hikasustravel.com/en/georgia/svaneti/cross-over-mestia/,https://www.hikasustravel.com/en/georgia/mestia/cross-over-mestia/,301,true
https://www.hikasustravel.com/en/georgia/regions/svaneti/cross-over-mestia/,https://www.hikasustravel.com/en/georgia/mestia/cross-over-mestia/,301,true
https://www.hikasustravel.com/en/georgia/svaneti/shkhara-glacier/,https://www.hikasustravel.com/en/georgia/ushguli/shkhara-glacier/,301,true
https://www.hikasustravel.com/en/georgia/regions/svaneti/shkhara-glacier/,https://www.hikasustravel.com/en/georgia/ushguli/shkhara-glacier/,301,true
https://www.hikasustravel.com/en/georgia/imereti/katskhi-pillar/,https://www.hikasustravel.com/en/georgia/chiatura/katskhi-pillar/,301,true
https://www.hikasustravel.com/en/georgia/regions/imereti/katskhi-pillar/,https://www.hikasustravel.com/en/georgia/chiatura/katskhi-pillar/,301,true
https://www.hikasustravel.com/en/georgia/samtskhe-javakheti/abastumani-observatory/,https://www.hikasustravel.com/en/georgia/abastumani/abastumani-observatory/,301,true
https://www.hikasustravel.com/en/georgia/regions/samtskhe-javakheti/abastumani-observatory/,https://www.hikasustravel.com/en/georgia/abastumani/abastumani-observatory/,301,true
https://www.hikasustravel.com/en/georgia/samtskhe-javakheti/green-monastery/,https://www.hikasustravel.com/en/georgia/borjomi/green-monastery/,301,true
https://www.hikasustravel.com/en/georgia/regions/samtskhe-javakheti/green-monastery/,https://www.hikasustravel.com/en/georgia/borjomi/green-monastery/,301,true
https://www.hikasustravel.com/en/georgia/samtskhe-javakheti/sapara-monastery/,https://www.hikasustravel.com/en/georgia/akhaltsikhe/sapara-monastery/,301,true
https://www.hikasustravel.com/en/georgia/regions/samtskhe-javakheti/sapara-monastery/,https://www.hikasustravel.com/en/georgia/akhaltsikhe/sapara-monastery/,301,true
https://www.hikasustravel.com/en/georgia/samtskhe-javakheti/timotesubani-monastery/,https://www.hikasustravel.com/en/georgia/borjomi/timotesubani-monastery/,301,true
https://www.hikasustravel.com/en/georgia/regions/samtskhe-javakheti/timotesubani-monastery/,https://www.hikasustravel.com/en/georgia/borjomi/timotesubani-monastery/,301,true
https://www.hikasustravel.com/en/georgia/imereti/tetra-cave/,https://www.hikasustravel.com/en/georgia/tskaltubo/tetra-cave/,301,true
https://www.hikasustravel.com/en/georgia/regions/imereti/tetra-cave/,https://www.hikasustravel.com/en/georgia/tskaltubo/tetra-cave/,301,true
https://www.hikasustravel.com/en/georgia/imereti/mghvimevi-monastery/,https://www.hikasustravel.com/en/georgia/chiatura/mghvimevi-monastery/,301,true
https://www.hikasustravel.com/en/georgia/regions/imereti/mghvimevi-monastery/,https://www.hikasustravel.com/en/georgia/chiatura/mghvimevi-monastery/,301,true
https://www.hikasustravel.com/en/georgia/gudauri/russia-georgia-friendship-monument/,https://www.hikasustravel.com/en/georgia/gudauri/gudauri-panorama/,301,true
https://www.hikasustravel.com/en/georgia/kazbegi-stepantsminda/,https://www.hikasustravel.com/en/georgia/kazbegi/,301,true
https://www.hikasustravel.com/en/georgia/kazbegi-stepantsminda/things-to-do-in-kazbegi-stepantsminda/,https://www.hikasustravel.com/en/georgia/kazbegi/things-to-do-in-kazbegi/,301,true
https://www.hikasustravel.com/en/georgia/kazbegi-stepantsminda/gergeti-trinity-church/,https://www.hikasustravel.com/en/georgia/kazbegi/gergeti-trinity-church/,301,true
https://www.hikasustravel.com/en/georgia/kazbegi-stepantsminda/gveleti-waterfalls/,https://www.hikasustravel.com/en/georgia/kazbegi/gveleti-waterfalls/,301,true
https://www.hikasustravel.com/en/georgia/kazbegi-stepantsminda/juta/,https://www.hikasustravel.com/en/georgia/kazbegi/juta/,301,true
https://www.hikasustravel.com/en/georgia/kazbegi-stepantsminda/truso-valley/,https://www.hikasustravel.com/en/georgia/kazbegi/truso-valley/,301,true
https://www.hikasustravel.com/en/georgia/kazbegi-stepantsminda/arsha-waterfall/,https://www.hikasustravel.com/en/georgia/kazbegi/arsha-waterfall/,301,true
https://www.hikasustravel.com/en/georgia/kazbegi-stepantsminda/elia-hill-kazbegi/,https://www.hikasustravel.com/en/georgia/kazbegi/elia-hill-kazbegi/,301,true
https://www.hikasustravel.com/en/georgia/kazbegi-stepantsminda/gergeti-glacier/,https://www.hikasustravel.com/en/georgia/kazbegi/gergeti-glacier/,301,true
https://www.hikasustravel.com/en/private-tours/savor-the-flavors-of-kakheti-3-day-wine-and-culture-adventure/,https://www.hikasustravel.com/en/private-tours/3-day-kakheti-wine-and-food-tour-from-tbilisi/,301,true
https://www.hikasustravel.com/en/private-tours/experience-georgias-rich-culture-coastal-beauty-5-day-tour-from-tbilisi-to-batumi/,https://www.hikasustravel.com/en/private-tours/5-day-private-tour-from-tbilisi-to-batumi/,301,true
https://www.hikasustravel.com/en/private-tours/sulfur-baths-and-sipping-wine-5-days-of-georgian-delights/,https://www.hikasustravel.com/en/private-tours/5-day-georgia-private-tour-tbilisi-wine-and-sulfur-baths/,301,true
https://www.hikasustravel.com/en/private-tours/tbilisi-to-treasures-a-6-day-journey-through-georgias-icons-and-hidden-gems/,https://www.hikasustravel.com/en/private-tours/6-day-georgia-private-tour-highlights-from-tbilisi/,301,true
https://www.hikasustravel.com/en/private-tours/georgias-cultural-wonders-7-day-adventure-from-kutaisi-to-tbilisi-and-beyond/,https://www.hikasustravel.com/en/private-tours/7-day-georgia-cultural-tour-kutaisi-to-tbilisi/,301,true
https://www.hikasustravel.com/en/private-tours/experience-the-heart-of-georgia-8-day-journey-of-culture-nature-wine-tastings/,https://www.hikasustravel.com/en/private-tours/8-day-georgia-private-tour-culture-nature-and-wine/,301,true
https://www.hikasustravel.com/en/private-tours/immerse-yourself-in-georgia-8-day-cultural-and-adventure-journey-through-the-caucasus/,https://www.hikasustravel.com/en/private-tours/8-day-georgia-culture-and-adventure-tour/,301,true
https://www.hikasustravel.com/en/private-tours/ultimate-georgia-exploration-9-day-tour-from-kutaisi-to-tbilisi-and-hidden-gems/,https://www.hikasustravel.com/en/private-tours/9-day-georgia-private-tour-kutaisi-to-tbilisi/,301,true
https://www.hikasustravel.com/en/private-tours/wander-wonder-and-wine-9-days-of-georgias-best/,https://www.hikasustravel.com/en/private-tours/georgia-grand-tour-9-days-from-tbilisi-to-batumi/,301,true
https://www.hikasustravel.com/en/private-tours/wine-wonders-and-the-caucasus-a-9-day-adventure-in-georgia/,https://www.hikasustravel.com/en/private-tours/9-day-georgia-wine-and-adventure-tour/,301,true
https://www.hikasustravel.com/en/private-tours/13-day-georgia-grand-tour-culture-and-nature/,https://www.hikasustravel.com/en/private-tours/13-day-georgia-grand-tour-from-kutaisi-culture-and-nature/,301,true
https://www.hikasustravel.com/en/private-tours/grand-georgia-adventure-13-day-cultural-and-scenic-journey/,https://www.hikasustravel.com/en/private-tours/13-day-georgia-grand-tour-from-kutaisi-culture-and-nature/,301,true
https://www.hikasustravel.com/en/private-tours/georgia-on-my-mind-20-days-of-tasting-trekking-and-total-relaxation/,https://www.hikasustravel.com/en/private-tours/20-day-georgia-grand-tour-wine-hiking-and-culture/,301,true
https://www.hikasustravel.com/es/destinations/,https://www.hikasustravel.com/es/georgia/,301,true
https://www.hikasustravel.com/es/destinations/regions/,https://www.hikasustravel.com/es/georgia/regions/,301,true
https://www.hikasustravel.com/es/destinations/cities/,https://www.hikasustravel.com/es/georgia/cities/,301,true
https://www.hikasustravel.com/es/destinations/places-to-visit/,https://www.hikasustravel.com/es/georgia/places-to-visit/,301,true
https://www.hikasustravel.com/es/destinations/cities/tbilisi/,https://www.hikasustravel.com/es/georgia/tbilisi/,301,true
https://www.hikasustravel.com/es/destinations/tbilisi/,https://www.hikasustravel.com/es/georgia/tbilisi/,301,true
https://www.hikasustravel.com/es/things-to-do-in-tbilisi/,https://www.hikasustravel.com/es/georgia/tbilisi/things-to-do-in-tbilisi/,301,true
https://www.hikasustravel.com/es/destinations/cities/akhaltsikhe/,https://www.hikasustravel.com/es/georgia/akhaltsikhe/,301,true
https://www.hikasustravel.com/es/destinations/akhaltsikhe/,https://www.hikasustravel.com/es/georgia/akhaltsikhe/,301,true
https://www.hikasustravel.com/es/things-to-do-in-akhaltsikhe/,https://www.hikasustravel.com/es/georgia/akhaltsikhe/things-to-do-in-akhaltsikhe/,301,true
https://www.hikasustravel.com/es/destinations/cities/ambrolauri/,https://www.hikasustravel.com/es/georgia/ambrolauri/,301,true
https://www.hikasustravel.com/es/destinations/ambrolauri/,https://www.hikasustravel.com/es/georgia/ambrolauri/,301,true
https://www.hikasustravel.com/es/things-to-do-in-ambrolauri/,https://www.hikasustravel.com/es/georgia/ambrolauri/things-to-do-in-ambrolauri/,301,true
https://www.hikasustravel.com/es/destinations/cities/bakuriani/,https://www.hikasustravel.com/es/georgia/bakuriani/,301,true
https://www.hikasustravel.com/es/destinations/bakuriani/,https://www.hikasustravel.com/es/georgia/bakuriani/,301,true
https://www.hikasustravel.com/es/things-to-do-in-bakuriani/,https://www.hikasustravel.com/es/georgia/bakuriani/things-to-do-in-bakuriani/,301,true
https://www.hikasustravel.com/es/destinations/cities/bakhmaro/,https://www.hikasustravel.com/es/georgia/bakhmaro/,301,true
https://www.hikasustravel.com/es/destinations/bakhmaro/,https://www.hikasustravel.com/es/georgia/bakhmaro/,301,true
https://www.hikasustravel.com/es/destinations/cities/gomismta/,https://www.hikasustravel.com/es/georgia/gomismta/,301,true
https://www.hikasustravel.com/es/destinations/gomismta/,https://www.hikasustravel.com/es/georgia/gomismta/,301,true
https://www.hikasustravel.com/es/destinations/cities/kutaisi/,https://www.hikasustravel.com/es/georgia/kutaisi/,301,true
https://www.hikasustravel.com/es/destinations/kutaisi/,https://www.hikasustravel.com/es/georgia/kutaisi/,301,true
https://www.hikasustravel.com/es/things-to-do-in-kutaisi/,https://www.hikasustravel.com/es/georgia/kutaisi/things-to-do-in-kutaisi/,301,true
https://www.hikasustravel.com/es/destinations/cities/tskaltubo/,https://www.hikasustravel.com/es/georgia/tskaltubo/,301,true
https://www.hikasustravel.com/es/destinations/tskaltubo/,https://www.hikasustravel.com/es/georgia/tskaltubo/,301,true
https://www.hikasustravel.com/es/things-to-do-in-tskaltubo/,https://www.hikasustravel.com/es/georgia/tskaltubo/things-to-do-in-tskaltubo/,301,true
https://www.hikasustravel.com/es/destinations/cities/chiatura/,https://www.hikasustravel.com/es/georgia/chiatura/,301,true
https://www.hikasustravel.com/es/destinations/chiatura/,https://www.hikasustravel.com/es/georgia/chiatura/,301,true
https://www.hikasustravel.com/es/things-to-do-in-chiatura/,https://www.hikasustravel.com/es/georgia/chiatura/things-to-do-in-chiatura/,301,true
https://www.hikasustravel.com/es/destinations/cities/batumi/,https://www.hikasustravel.com/es/georgia/batumi/,301,true
https://www.hikasustravel.com/es/destinations/batumi/,https://www.hikasustravel.com/es/georgia/batumi/,301,true
https://www.hikasustravel.com/es/things-to-do-in-batumi/,https://www.hikasustravel.com/es/georgia/batumi/things-to-do-in-batumi/,301,true
https://www.hikasustravel.com/es/destinations/cities/mtskheta/,https://www.hikasustravel.com/es/georgia/mtskheta/,301,true
https://www.hikasustravel.com/es/destinations/mtskheta/,https://www.hikasustravel.com/es/georgia/mtskheta/,301,true
https://www.hikasustravel.com/es/things-to-do-in-mtskheta/,https://www.hikasustravel.com/es/georgia/mtskheta/things-to-do-in-mtskheta/,301,true
https://www.hikasustravel.com/es/destinations/cities/ushguli/,https://www.hikasustravel.com/es/georgia/ushguli/,301,true
https://www.hikasustravel.com/es/destinations/ushguli/,https://www.hikasustravel.com/es/georgia/ushguli/,301,true
https://www.hikasustravel.com/es/things-to-do-in-ushguli/,https://www.hikasustravel.com/es/georgia/ushguli/things-to-do-in-ushguli/,301,true
https://www.hikasustravel.com/es/destinations/cities/mestia/,https://www.hikasustravel.com/es/georgia/mestia/,301,true
https://www.hikasustravel.com/es/destinations/mestia/,https://www.hikasustravel.com/es/georgia/mestia/,301,true
https://www.hikasustravel.com/es/things-to-do-in-mestia/,https://www.hikasustravel.com/es/georgia/mestia/things-to-do-in-mestia/,301,true
https://www.hikasustravel.com/es/destinations/cities/zugdidi/,https://www.hikasustravel.com/es/georgia/zugdidi/,301,true
https://www.hikasustravel.com/es/destinations/zugdidi/,https://www.hikasustravel.com/es/georgia/zugdidi/,301,true
https://www.hikasustravel.com/es/things-to-do-in-zugdidi/,https://www.hikasustravel.com/es/georgia/zugdidi/things-to-do-in-zugdidi/,301,true
https://www.hikasustravel.com/es/destinations/cities/martvili/,https://www.hikasustravel.com/es/georgia/martvili/,301,true
https://www.hikasustravel.com/es/destinations/martvili/,https://www.hikasustravel.com/es/georgia/martvili/,301,true
https://www.hikasustravel.com/es/things-to-do-in-martvili/,https://www.hikasustravel.com/es/georgia/martvili/things-to-do-in-martvili/,301,true
https://www.hikasustravel.com/es/destinations/cities/telavi/,https://www.hikasustravel.com/es/georgia/telavi/,301,true
https://www.hikasustravel.com/es/destinations/telavi/,https://www.hikasustravel.com/es/georgia/telavi/,301,true
https://www.hikasustravel.com/es/things-to-do-in-telavi/,https://www.hikasustravel.com/es/georgia/telavi/things-to-do-in-telavi/,301,true
https://www.hikasustravel.com/es/destinations/cities/oni/,https://www.hikasustravel.com/es/georgia/oni/,301,true
https://www.hikasustravel.com/es/destinations/oni/,https://www.hikasustravel.com/es/georgia/oni/,301,true
https://www.hikasustravel.com/es/things-to-do-in-oni/,https://www.hikasustravel.com/es/georgia/oni/things-to-do-in-oni/,301,true
https://www.hikasustravel.com/es/destinations/cities/gurjaani/,https://www.hikasustravel.com/es/georgia/gurjaani/,301,true
https://www.hikasustravel.com/es/destinations/gurjaani/,https://www.hikasustravel.com/es/georgia/gurjaani/,301,true
https://www.hikasustravel.com/es/things-to-do-in-gurjaani/,https://www.hikasustravel.com/es/georgia/gurjaani/things-to-do-in-gurjaani/,301,true
https://www.hikasustravel.com/es/destinations/cities/sighnaghi/,https://www.hikasustravel.com/es/georgia/sighnaghi/,301,true
https://www.hikasustravel.com/es/destinations/sighnaghi/,https://www.hikasustravel.com/es/georgia/sighnaghi/,301,true
https://www.hikasustravel.com/es/things-to-do-in-sighnaghi/,https://www.hikasustravel.com/es/georgia/sighnaghi/things-to-do-in-sighnaghi/,301,true
https://www.hikasustravel.com/es/destinations/cities/rustavi/,https://www.hikasustravel.com/es/georgia/rustavi/,301,true
https://www.hikasustravel.com/es/destinations/rustavi/,https://www.hikasustravel.com/es/georgia/rustavi/,301,true
https://www.hikasustravel.com/es/things-to-do-in-rustavi/,https://www.hikasustravel.com/es/georgia/rustavi/things-to-do-in-rustavi/,301,true
https://www.hikasustravel.com/es/destinations/cities/kvareli/,https://www.hikasustravel.com/es/georgia/kvareli/,301,true
https://www.hikasustravel.com/es/destinations/kvareli/,https://www.hikasustravel.com/es/georgia/kvareli/,301,true
https://www.hikasustravel.com/es/things-to-do-in-kvareli/,https://www.hikasustravel.com/es/georgia/kvareli/things-to-do-in-kvareli/,301,true
https://www.hikasustravel.com/es/destinations/cities/gori/,https://www.hikasustravel.com/es/georgia/gori/,301,true
https://www.hikasustravel.com/es/destinations/gori/,https://www.hikasustravel.com/es/georgia/gori/,301,true
https://www.hikasustravel.com/es/things-to-do-in-gori/,https://www.hikasustravel.com/es/georgia/gori/things-to-do-in-gori/,301,true
https://www.hikasustravel.com/es/destinations/cities/borjomi/,https://www.hikasustravel.com/es/georgia/borjomi/,301,true
https://www.hikasustravel.com/es/destinations/borjomi/,https://www.hikasustravel.com/es/georgia/borjomi/,301,true
https://www.hikasustravel.com/es/things-to-do-in-borjomi/,https://www.hikasustravel.com/es/georgia/borjomi/things-to-do-in-borjomi/,301,true
https://www.hikasustravel.com/es/destinations/cities/kazbegi/,https://www.hikasustravel.com/es/georgia/kazbegi/,301,true
https://www.hikasustravel.com/es/destinations/kazbegi/,https://www.hikasustravel.com/es/georgia/kazbegi/,301,true
https://www.hikasustravel.com/es/things-to-do-in-kazbegi/,https://www.hikasustravel.com/es/georgia/kazbegi/things-to-do-in-kazbegi/,301,true
https://www.hikasustravel.com/es/destinations/cities/gudauri/,https://www.hikasustravel.com/es/georgia/gudauri/,301,true
https://www.hikasustravel.com/es/destinations/gudauri/,https://www.hikasustravel.com/es/georgia/gudauri/,301,true
https://www.hikasustravel.com/es/things-to-do-in-gudauri/,https://www.hikasustravel.com/es/georgia/gudauri/things-to-do-in-gudauri/,301,true
https://www.hikasustravel.com/es/destinations/cities/dmanisi/,https://www.hikasustravel.com/es/georgia/dmanisi/,301,true
https://www.hikasustravel.com/es/destinations/dmanisi/,https://www.hikasustravel.com/es/georgia/dmanisi/,301,true
https://www.hikasustravel.com/es/things-to-do-in-dmanisi/,https://www.hikasustravel.com/es/georgia/dmanisi/things-to-do-in-dmanisi/,301,true
https://www.hikasustravel.com/es/destinations/cities/bolnisi/,https://www.hikasustravel.com/es/georgia/bolnisi/,301,true
https://www.hikasustravel.com/es/destinations/bolnisi/,https://www.hikasustravel.com/es/georgia/bolnisi/,301,true
https://www.hikasustravel.com/es/things-to-do-in-bolnisi/,https://www.hikasustravel.com/es/georgia/bolnisi/things-to-do-in-bolnisi/,301,true
https://www.hikasustravel.com/es/destinations/regions/adjara/,https://www.hikasustravel.com/es/georgia/regions/adjara/,301,true
https://www.hikasustravel.com/es/things-to-do-in-adjara/,https://www.hikasustravel.com/es/georgia/adjara/things-to-do-in-adjara/,301,true
https://www.hikasustravel.com/es/destinations/regions/guria/,https://www.hikasustravel.com/es/georgia/regions/guria/,301,true
https://www.hikasustravel.com/es/things-to-do-in-guria/,https://www.hikasustravel.com/es/georgia/guria/things-to-do-in-guria/,301,true
https://www.hikasustravel.com/es/destinations/regions/imereti/,https://www.hikasustravel.com/es/georgia/regions/imereti/,301,true
https://www.hikasustravel.com/es/things-to-do-in-imereti/,https://www.hikasustravel.com/es/georgia/imereti/things-to-do-in-imereti/,301,true
https://www.hikasustravel.com/es/destinations/regions/kakheti/,https://www.hikasustravel.com/es/georgia/regions/kakheti/,301,true
https://www.hikasustravel.com/es/things-to-do-in-kakheti/,https://www.hikasustravel.com/es/georgia/kakheti/things-to-do-in-kakheti/,301,true
https://www.hikasustravel.com/es/destinations/regions/kvemo-kartli/,https://www.hikasustravel.com/es/georgia/regions/kvemo-kartli/,301,true
https://www.hikasustravel.com/es/things-to-do-in-kvemo-kartli/,https://www.hikasustravel.com/es/georgia/kvemo-kartli/things-to-do-in-kvemo-kartli/,301,true
https://www.hikasustravel.com/es/destinations/regions/lechkhumi/,https://www.hikasustravel.com/es/georgia/regions/lechkhumi/,301,true
https://www.hikasustravel.com/es/things-to-do-in-lechkhumi/,https://www.hikasustravel.com/es/georgia/lechkhumi/things-to-do-in-lechkhumi/,301,true
https://www.hikasustravel.com/es/destinations/regions/mtskheta-mtianeti/,https://www.hikasustravel.com/es/georgia/regions/mtskheta-mtianeti/,301,true
https://www.hikasustravel.com/es/things-to-do-in-mtskheta-mtianeti/,https://www.hikasustravel.com/es/georgia/mtskheta-mtianeti/things-to-do-in-mtskheta-mtianeti/,301,true
https://www.hikasustravel.com/es/destinations/regions/racha/,https://www.hikasustravel.com/es/georgia/regions/racha/,301,true
https://www.hikasustravel.com/es/things-to-do-in-racha/,https://www.hikasustravel.com/es/georgia/racha/things-to-do-in-racha/,301,true
https://www.hikasustravel.com/es/destinations/regions/samegrelo/,https://www.hikasustravel.com/es/georgia/regions/samegrelo/,301,true
https://www.hikasustravel.com/es/things-to-do-in-samegrelo/,https://www.hikasustravel.com/es/georgia/samegrelo/things-to-do-in-samegrelo/,301,true
https://www.hikasustravel.com/es/destinations/regions/samtskhe-javakheti/,https://www.hikasustravel.com/es/georgia/regions/samtskhe-javakheti/,301,true
https://www.hikasustravel.com/es/things-to-do-in-samtskhe-javakheti/,https://www.hikasustravel.com/es/georgia/samtskhe-javakheti/things-to-do-in-samtskhe-javakheti/,301,true
https://www.hikasustravel.com/es/destinations/regions/shida-kartli/,https://www.hikasustravel.com/es/georgia/regions/shida-kartli/,301,true
https://www.hikasustravel.com/es/things-to-do-in-shida-kartli/,https://www.hikasustravel.com/es/georgia/shida-kartli/things-to-do-in-shida-kartli/,301,true
https://www.hikasustravel.com/es/destinations/regions/svaneti/,https://www.hikasustravel.com/es/georgia/regions/svaneti/,301,true
https://www.hikasustravel.com/es/things-to-do-in-svaneti/,https://www.hikasustravel.com/es/georgia/svaneti/things-to-do-in-svaneti/,301,true
https://www.hikasustravel.com/es/georgia/regions/racha-lechkhumi/tsageri-history-museum/,https://www.hikasustravel.com/es/georgia/racha-lechkhumi/tsageri-history-museum/,301,true
https://www.hikasustravel.com/es/georgia/regions/racha-lechkhumi/sairme-pillars/,https://www.hikasustravel.com/es/georgia/racha-lechkhumi/sairme-pillars/,301,true
https://www.hikasustravel.com/es/georgia/regions/racha-lechkhumi/rachkha-waterfall/,https://www.hikasustravel.com/es/georgia/racha-lechkhumi/rachkha-waterfall/,301,true
https://www.hikasustravel.com/es/georgia/regions/racha-lechkhumi/verdzistava-waterfall/,https://www.hikasustravel.com/es/georgia/racha-lechkhumi/verdzistava-waterfall/,301,true
https://www.hikasustravel.com/es/georgia/regions/racha-lechkhumi/zubi-fortress/,https://www.hikasustravel.com/es/georgia/racha-lechkhumi/zubi-fortress/,301,true
https://www.hikasustravel.com/es/georgia/regions/racha-lechkhumi/orbeli-fortress/,https://www.hikasustravel.com/es/georgia/racha-lechkhumi/orbeli-fortress/,301,true
https://www.hikasustravel.com/es/georgia/regions/racha-lechkhumi/lailashi-pool-okronishi/,https://www.hikasustravel.com/es/georgia/racha-lechkhumi/lailashi-pool-okronishi/,301,true
https://www.hikasustravel.com/es/georgia/regions/racha-lechkhumi/kulbaki-lakes/,https://www.hikasustravel.com/es/georgia/racha-lechkhumi/kulbaki-lakes/,301,true
https://www.hikasustravel.com/es/georgia/regions/racha-lechkhumi/cholevi-lake/,https://www.hikasustravel.com/es/georgia/racha-lechkhumi/cholevi-lake/,301,true
https://www.hikasustravel.com/es/georgia/regions/racha-lechkhumi/love-waterfall/,https://www.hikasustravel.com/es/georgia/racha-lechkhumi/love-waterfall/,301,true
https://www.hikasustravel.com/es/georgia/regions/racha-lechkhumi/minda-fortress/,https://www.hikasustravel.com/es/georgia/racha-lechkhumi/minda-fortress/,301,true
https://www.hikasustravel.com/es/georgia/regions/racha-lechkhumi/nikortsminda-cathedral/,https://www.hikasustravel.com/es/georgia/racha-lechkhumi/nikortsminda-cathedral/,301,true
https://www.hikasustravel.com/es/georgia/regions/racha-lechkhumi/shaori-lake/,https://www.hikasustravel.com/es/georgia/racha-lechkhumi/shaori-lake/,301,true
https://www.hikasustravel.com/es/georgia/regions/racha-lechkhumi/udziro-lake/,https://www.hikasustravel.com/es/georgia/racha-lechkhumi/udziro-lake/,301,true
https://www.hikasustravel.com/es/georgia/regions/racha-lechkhumi/khvamli-mountain/,https://www.hikasustravel.com/es/georgia/racha-lechkhumi/khvamli-mountain/,301,true
https://www.hikasustravel.com/es/georgia/regions/racha-lechkhumi/ghvirishi-waterfall/,https://www.hikasustravel.com/es/georgia/racha-lechkhumi/ghvirishi-waterfall/,301,true
https://www.hikasustravel.com/es/georgia/regions/racha-lechkhumi/askhi-massif/,https://www.hikasustravel.com/es/georgia/racha-lechkhumi/askhi-massif/,301,true
https://www.hikasustravel.com/es/georgia/regions/racha-lechkhumi/dekhviri-fortress/,https://www.hikasustravel.com/es/georgia/racha-lechkhumi/dekhviri-fortress/,301,true
https://www.hikasustravel.com/es/georgia/regions/kvemo-kartli/algeti-national-park/,https://www.hikasustravel.com/es/georgia/kvemo-kartli/algeti-national-park/,301,true
https://www.hikasustravel.com/es/georgia/regions/kvemo-kartli/birtvisi-fortress/,https://www.hikasustravel.com/es/georgia/kvemo-kartli/birtvisi-fortress/,301,true
https://www.hikasustravel.com/es/georgia/regions/kvemo-kartli/tsalka-dashbashi-canyon/,https://www.hikasustravel.com/es/georgia/kvemo-kartli/tsalka-dashbashi-canyon/,301,true
https://www.hikasustravel.com/es/georgia/regions/kakheti/ujarma-fortress/,https://www.hikasustravel.com/es/georgia/kakheti/ujarma-fortress/,301,true
https://www.hikasustravel.com/es/georgia/regions/kakheti/rtveli-georgian-grape-harvest/,https://www.hikasustravel.com/es/georgia/kakheti/rtveli-georgian-grape-harvest/,301,true
https://www.hikasustravel.com/es/georgia/regions/kakheti/pankisi-gorge/,https://www.hikasustravel.com/es/georgia/kakheti/pankisi-gorge/,301,true
https://www.hikasustravel.com/es/georgia/regions/kakheti/kvetera-fortress/,https://www.hikasustravel.com/es/georgia/kakheti/kvetera-fortress/,301,true
https://www.hikasustravel.com/es/georgia/regions/kakheti/lagodekhi-national-park/,https://www.hikasustravel.com/es/georgia/kakheti/lagodekhi-national-park/,301,true
https://www.hikasustravel.com/es/georgia/regions/kakheti/vashlovani-national-park/,https://www.hikasustravel.com/es/georgia/kakheti/vashlovani-national-park/,301,true
https://www.hikasustravel.com/es/georgia/regions/kakheti/gremi-archangels-complex/,https://www.hikasustravel.com/es/georgia/kakheti/gremi-archangels-complex/,301,true
https://www.hikasustravel.com/es/georgia/regions/kakheti/gombori-pass/,https://www.hikasustravel.com/es/georgia/kakheti/gombori-pass/,301,true
https://www.hikasustravel.com/es/georgia/regions/kakheti/david-gareja-monastery/,https://www.hikasustravel.com/es/georgia/kakheti/david-gareja-monastery/,301,true
https://www.hikasustravel.com/es/georgia/regions/guria/georgia-in-miniatures-shekvetili/,https://www.hikasustravel.com/es/georgia/guria/georgia-in-miniatures-shekvetili/,301,true
https://www.hikasustravel.com/es/georgia/regions/guria/musicians-park-shekvetili/,https://www.hikasustravel.com/es/georgia/guria/musicians-park-shekvetili/,301,true
https://www.hikasustravel.com/es/georgia/regions/guria/shekvetili-dendrological-park/,https://www.hikasustravel.com/es/georgia/guria/shekvetili-dendrological-park/,301,true
https://www.hikasustravel.com/es/georgia/regions/guria/shemokmedi-monastery/,https://www.hikasustravel.com/es/georgia/guria/shemokmedi-monastery/,301,true
https://www.hikasustravel.com/es/georgia/regions/guria/ureki-beach/,https://www.hikasustravel.com/es/georgia/guria/ureki-beach/,301,true
https://www.hikasustravel.com/es/georgia/regions/mtskheta-mtianeti/ananuri-fortress/,https://www.hikasustravel.com/es/georgia/mtskheta-mtianeti/ananuri-fortress/,301,true
https://www.hikasustravel.com/es/georgia/regions/shida-kartli/bateti-lake/,https://www.hikasustravel.com/es/georgia/shida-kartli/bateti-lake/,301,true
https://www.hikasustravel.com/es/georgia/regions/shida-kartli/kintsvisi-monastery/,https://www.hikasustravel.com/es/georgia/shida-kartli/kintsvisi-monastery/,301,true
https://www.hikasustravel.com/es/georgia/regions/shida-kartli/kvatakhevi-monastery/,https://www.hikasustravel.com/es/georgia/shida-kartli/kvatakhevi-monastery/,301,true
https://www.hikasustravel.com/es/georgia/regions/shida-kartli/samtavisi-cathedral/,https://www.hikasustravel.com/es/georgia/shida-kartli/samtavisi-cathedral/,301,true
https://www.hikasustravel.com/es/georgia/regions/imereti/prometheus-cave/,https://www.hikasustravel.com/es/georgia/imereti/prometheus-cave/,301,true
https://www.hikasustravel.com/es/georgia/regions/samtskhe-javakheti/vardzia/,https://www.hikasustravel.com/es/georgia/samtskhe-javakheti/vardzia/,301,true
https://www.hikasustravel.com/es/georgia/regions/samegrelo/nokalakevi/,https://www.hikasustravel.com/es/georgia/samegrelo/nokalakevi/,301,true
https://www.hikasustravel.com/es/georgia/regions/samegrelo/tobavarchkhili-lakes/,https://www.hikasustravel.com/es/georgia/samegrelo/tobavarchkhili-lakes/,301,true
https://www.hikasustravel.com/es/georgia/regions/samegrelo/paliastomi-lake-kolkheti-national-park/,https://www.hikasustravel.com/es/georgia/samegrelo/paliastomi-lake-kolkheti-national-park/,301,true
https://www.hikasustravel.com/es/georgia/regions/samegrelo/enguri-dam/,https://www.hikasustravel.com/es/georgia/samegrelo/enguri-dam/,301,true
https://www.hikasustravel.com/es/georgia/regions/samegrelo/intsra-waterfall/,https://www.hikasustravel.com/es/georgia/samegrelo/intsra-waterfall/,301,true
https://www.hikasustravel.com/es/georgia/regions/samegrelo/kolkheti-national-park/,https://www.hikasustravel.com/es/georgia/samegrelo/kolkheti-national-park/,301,true
https://www.hikasustravel.com/es/georgia/regions/svaneti/mount-ushba/,https://www.hikasustravel.com/es/georgia/svaneti/mount-ushba/,301,true
https://www.hikasustravel.com/es/georgia/regions/svaneti/svan-towers/,https://www.hikasustravel.com/es/georgia/svaneti/svan-towers/,301,true
https://www.hikasustravel.com/es/georgia/regions/samtskhe-javakheti/borjomi-kharagauli-national-park/,https://www.hikasustravel.com/es/georgia/samtskhe-javakheti/borjomi-kharagauli-national-park/,301,true
https://www.hikasustravel.com/es/georgia/regions/samtskhe-javakheti/khertvisi-fortress/,https://www.hikasustravel.com/es/georgia/samtskhe-javakheti/khertvisi-fortress/,301,true
https://www.hikasustravel.com/es/georgia/regions/samtskhe-javakheti/tmogvi-fortress/,https://www.hikasustravel.com/es/georgia/samtskhe-javakheti/tmogvi-fortress/,301,true
https://www.hikasustravel.com/es/georgia/regions/samtskhe-javakheti/lake-paravani/,https://www.hikasustravel.com/es/georgia/samtskhe-javakheti/lake-paravani/,301,true
https://www.hikasustravel.com/es/georgia/regions/samtskhe-javakheti/poka-nunnery/,https://www.hikasustravel.com/es/georgia/samtskhe-javakheti/poka-nunnery/,301,true
https://www.hikasustravel.com/es/georgia/regions/imereti/vani-archaeological-museum/,https://www.hikasustravel.com/es/georgia/imereti/vani-archaeological-museum/,301,true
https://www.hikasustravel.com/es/georgia/regions/imereti/ubisa-monastery/,https://www.hikasustravel.com/es/georgia/imereti/ubisa-monastery/,301,true
https://www.hikasustravel.com/es/georgia/regions/imereti/sataplia-nature-reserve/,https://www.hikasustravel.com/es/georgia/imereti/sataplia-nature-reserve/,301,true
https://www.hikasustravel.com/es/georgia/regions/imereti/okatse-kinchkha-waterfall/,https://www.hikasustravel.com/es/georgia/imereti/okatse-kinchkha-waterfall/,301,true
https://www.hikasustravel.com/es/georgia/racha-lechkhumi/khvanchkara-wine-monument/,https://www.hikasustravel.com/es/georgia/ambrolauri/khvanchkara-wine-monument/,301,true
https://www.hikasustravel.com/es/georgia/regions/racha-lechkhumi/khvanchkara-wine-monument/,https://www.hikasustravel.com/es/georgia/ambrolauri/khvanchkara-wine-monument/,301,true
https://www.hikasustravel.com/es/georgia/racha-lechkhumi/oni-synagogue/,https://www.hikasustravel.com/es/georgia/oni/oni-synagogue/,301,true
https://www.hikasustravel.com/es/georgia/regions/racha-lechkhumi/oni-synagogue/,https://www.hikasustravel.com/es/georgia/oni/oni-synagogue/,301,true
https://www.hikasustravel.com/es/georgia/kakheti/nekresi-monastery/,https://www.hikasustravel.com/es/georgia/kvareli/nekresi-monastery/,301,true
https://www.hikasustravel.com/es/georgia/regions/kakheti/nekresi-monastery/,https://www.hikasustravel.com/es/georgia/kvareli/nekresi-monastery/,301,true
https://www.hikasustravel.com/es/georgia/kakheti/gurjaani-kvelatsminda/,https://www.hikasustravel.com/es/georgia/gurjaani/gurjaani-kvelatsminda/,301,true
https://www.hikasustravel.com/es/georgia/regions/kakheti/gurjaani-kvelatsminda/,https://www.hikasustravel.com/es/georgia/gurjaani/gurjaani-kvelatsminda/,301,true
https://www.hikasustravel.com/es/georgia/shida-kartli/uplistsikhe/,https://www.hikasustravel.com/es/georgia/gori/uplistsikhe/,301,true
https://www.hikasustravel.com/es/georgia/regions/shida-kartli/uplistsikhe/,https://www.hikasustravel.com/es/georgia/gori/uplistsikhe/,301,true
https://www.hikasustravel.com/es/georgia/shida-kartli/ateni-sioni/,https://www.hikasustravel.com/es/georgia/gori/ateni-sioni/,301,true
https://www.hikasustravel.com/es/georgia/regions/shida-kartli/ateni-sioni/,https://www.hikasustravel.com/es/georgia/gori/ateni-sioni/,301,true
https://www.hikasustravel.com/es/georgia/samegrelo/martvili-canyon/,https://www.hikasustravel.com/es/georgia/martvili/martvili-canyon/,301,true
https://www.hikasustravel.com/es/georgia/regions/samegrelo/martvili-canyon/,https://www.hikasustravel.com/es/georgia/martvili/martvili-canyon/,301,true
https://www.hikasustravel.com/es/georgia/samegrelo/martvili-monastery/,https://www.hikasustravel.com/es/georgia/martvili/martvili-monastery/,301,true
https://www.hikasustravel.com/es/georgia/regions/samegrelo/martvili-monastery/,https://www.hikasustravel.com/es/georgia/martvili/martvili-monastery/,301,true
https://www.hikasustravel.com/es/georgia/samegrelo/dadiani-palace-museum/,https://www.hikasustravel.com/es/georgia/zugdidi/dadiani-palace-museum/,301,true
https://www.hikasustravel.com/es/georgia/regions/samegrelo/dadiani-palace-museum/,https://www.hikasustravel.com/es/georgia/zugdidi/dadiani-palace-museum/,301,true
https://www.hikasustravel.com/es/georgia/svaneti/chalaadi-glacier/,https://www.hikasustravel.com/es/georgia/mestia/chalaadi-glacier/,301,true
https://www.hikasustravel.com/es/georgia/regions/svaneti/chalaadi-glacier/,https://www.hikasustravel.com/es/georgia/mestia/chalaadi-glacier/,301,true
https://www.hikasustravel.com/es/georgia/svaneti/koruldi-lakes/,https://www.hikasustravel.com/es/georgia/mestia/koruldi-lakes/,301,true
https://www.hikasustravel.com/es/georgia/regions/svaneti/koruldi-lakes/,https://www.hikasustravel.com/es/georgia/mestia/koruldi-lakes/,301,true
https://www.hikasustravel.com/es/georgia/svaneti/tetnuldi-ski-resort/,https://www.hikasustravel.com/es/georgia/mestia/tetnuldi-ski-resort/,301,true
https://www.hikasustravel.com/es/georgia/regions/svaneti/tetnuldi-ski-resort/,https://www.hikasustravel.com/es/georgia/mestia/tetnuldi-ski-resort/,301,true
https://www.hikasustravel.com/es/georgia/svaneti/cross-over-mestia/,https://www.hikasustravel.com/es/georgia/mestia/cross-over-mestia/,301,true
https://www.hikasustravel.com/es/georgia/regions/svaneti/cross-over-mestia/,https://www.hikasustravel.com/es/georgia/mestia/cross-over-mestia/,301,true
https://www.hikasustravel.com/es/georgia/svaneti/shkhara-glacier/,https://www.hikasustravel.com/es/georgia/ushguli/shkhara-glacier/,301,true
https://www.hikasustravel.com/es/georgia/regions/svaneti/shkhara-glacier/,https://www.hikasustravel.com/es/georgia/ushguli/shkhara-glacier/,301,true
https://www.hikasustravel.com/es/georgia/imereti/katskhi-pillar/,https://www.hikasustravel.com/es/georgia/chiatura/katskhi-pillar/,301,true
https://www.hikasustravel.com/es/georgia/regions/imereti/katskhi-pillar/,https://www.hikasustravel.com/es/georgia/chiatura/katskhi-pillar/,301,true
https://www.hikasustravel.com/es/georgia/samtskhe-javakheti/abastumani-observatory/,https://www.hikasustravel.com/es/georgia/abastumani/abastumani-observatory/,301,true
https://www.hikasustravel.com/es/georgia/regions/samtskhe-javakheti/abastumani-observatory/,https://www.hikasustravel.com/es/georgia/abastumani/abastumani-observatory/,301,true
https://www.hikasustravel.com/es/georgia/samtskhe-javakheti/green-monastery/,https://www.hikasustravel.com/es/georgia/borjomi/green-monastery/,301,true
https://www.hikasustravel.com/es/georgia/regions/samtskhe-javakheti/green-monastery/,https://www.hikasustravel.com/es/georgia/borjomi/green-monastery/,301,true
https://www.hikasustravel.com/es/georgia/samtskhe-javakheti/sapara-monastery/,https://www.hikasustravel.com/es/georgia/akhaltsikhe/sapara-monastery/,301,true
https://www.hikasustravel.com/es/georgia/regions/samtskhe-javakheti/sapara-monastery/,https://www.hikasustravel.com/es/georgia/akhaltsikhe/sapara-monastery/,301,true
https://www.hikasustravel.com/es/georgia/samtskhe-javakheti/timotesubani-monastery/,https://www.hikasustravel.com/es/georgia/borjomi/timotesubani-monastery/,301,true
https://www.hikasustravel.com/es/georgia/regions/samtskhe-javakheti/timotesubani-monastery/,https://www.hikasustravel.com/es/georgia/borjomi/timotesubani-monastery/,301,true
https://www.hikasustravel.com/es/georgia/imereti/tetra-cave/,https://www.hikasustravel.com/es/georgia/tskaltubo/tetra-cave/,301,true
https://www.hikasustravel.com/es/georgia/regions/imereti/tetra-cave/,https://www.hikasustravel.com/es/georgia/tskaltubo/tetra-cave/,301,true
https://www.hikasustravel.com/es/georgia/imereti/mghvimevi-monastery/,https://www.hikasustravel.com/es/georgia/chiatura/mghvimevi-monastery/,301,true
https://www.hikasustravel.com/es/georgia/regions/imereti/mghvimevi-monastery/,https://www.hikasustravel.com/es/georgia/chiatura/mghvimevi-monastery/,301,true
https://www.hikasustravel.com/es/georgia/gudauri/russia-georgia-friendship-monument/,https://www.hikasustravel.com/es/georgia/gudauri/gudauri-panorama/,301,true
https://www.hikasustravel.com/es/georgia/kazbegi-stepantsminda/,https://www.hikasustravel.com/es/georgia/kazbegi/,301,true
https://www.hikasustravel.com/es/georgia/kazbegi-stepantsminda/things-to-do-in-kazbegi-stepantsminda/,https://www.hikasustravel.com/es/georgia/kazbegi/things-to-do-in-kazbegi/,301,true
https://www.hikasustravel.com/es/georgia/kazbegi-stepantsminda/gergeti-trinity-church/,https://www.hikasustravel.com/es/georgia/kazbegi/gergeti-trinity-church/,301,true
https://www.hikasustravel.com/es/georgia/kazbegi-stepantsminda/gveleti-waterfalls/,https://www.hikasustravel.com/es/georgia/kazbegi/gveleti-waterfalls/,301,true
https://www.hikasustravel.com/es/georgia/kazbegi-stepantsminda/juta/,https://www.hikasustravel.com/es/georgia/kazbegi/juta/,301,true
https://www.hikasustravel.com/es/georgia/kazbegi-stepantsminda/truso-valley/,https://www.hikasustravel.com/es/georgia/kazbegi/truso-valley/,301,true
https://www.hikasustravel.com/es/georgia/kazbegi-stepantsminda/arsha-waterfall/,https://www.hikasustravel.com/es/georgia/kazbegi/arsha-waterfall/,301,true
https://www.hikasustravel.com/es/georgia/kazbegi-stepantsminda/elia-hill-kazbegi/,https://www.hikasustravel.com/es/georgia/kazbegi/elia-hill-kazbegi/,301,true
https://www.hikasustravel.com/es/georgia/kazbegi-stepantsminda/gergeti-glacier/,https://www.hikasustravel.com/es/georgia/kazbegi/gergeti-glacier/,301,true
https://www.hikasustravel.com/es/private-tours/savor-the-flavors-of-kakheti-3-day-wine-and-culture-adventure/,https://www.hikasustravel.com/es/private-tours/3-day-kakheti-wine-and-food-tour-from-tbilisi/,301,true
https://www.hikasustravel.com/es/private-tours/experience-georgias-rich-culture-coastal-beauty-5-day-tour-from-tbilisi-to-batumi/,https://www.hikasustravel.com/es/private-tours/5-day-private-tour-from-tbilisi-to-batumi/,301,true
https://www.hikasustravel.com/es/private-tours/sulfur-baths-and-sipping-wine-5-days-of-georgian-delights/,https://www.hikasustravel.com/es/private-tours/5-day-georgia-private-tour-tbilisi-wine-and-sulfur-baths/,301,true
https://www.hikasustravel.com/es/private-tours/tbilisi-to-treasures-a-6-day-journey-through-georgias-icons-and-hidden-gems/,https://www.hikasustravel.com/es/private-tours/6-day-georgia-private-tour-highlights-from-tbilisi/,301,true
https://www.hikasustravel.com/es/private-tours/georgias-cultural-wonders-7-day-adventure-from-kutaisi-to-tbilisi-and-beyond/,https://www.hikasustravel.com/es/private-tours/7-day-georgia-cultural-tour-kutaisi-to-tbilisi/,301,true
https://www.hikasustravel.com/es/private-tours/experience-the-heart-of-georgia-8-day-journey-of-culture-nature-wine-tastings/,https://www.hikasustravel.com/es/private-tours/8-day-georgia-private-tour-culture-nature-and-wine/,301,true
https://www.hikasustravel.com/es/private-tours/immerse-yourself-in-georgia-8-day-cultural-and-adventure-journey-through-the-caucasus/,https://www.hikasustravel.com/es/private-tours/8-day-georgia-culture-and-adventure-tour/,301,true
https://www.hikasustravel.com/es/private-tours/ultimate-georgia-exploration-9-day-tour-from-kutaisi-to-tbilisi-and-hidden-gems/,https://www.hikasustravel.com/es/private-tours/9-day-georgia-private-tour-kutaisi-to-tbilisi/,301,true
https://www.hikasustravel.com/es/private-tours/wander-wonder-and-wine-9-days-of-georgias-best/,https://www.hikasustravel.com/es/private-tours/georgia-grand-tour-9-days-from-tbilisi-to-batumi/,301,true
https://www.hikasustravel.com/es/private-tours/wine-wonders-and-the-caucasus-a-9-day-adventure-in-georgia/,https://www.hikasustravel.com/es/private-tours/9-day-georgia-wine-and-adventure-tour/,301,true
https://www.hikasustravel.com/es/private-tours/13-day-georgia-grand-tour-culture-and-nature/,https://www.hikasustravel.com/es/private-tours/13-day-georgia-grand-tour-from-kutaisi-culture-and-nature/,301,true
https://www.hikasustravel.com/es/private-tours/grand-georgia-adventure-13-day-cultural-and-scenic-journey/,https://www.hikasustravel.com/es/private-tours/13-day-georgia-grand-tour-from-kutaisi-culture-and-nature/,301,true
https://www.hikasustravel.com/es/private-tours/georgia-on-my-mind-20-days-of-tasting-trekking-and-total-relaxation/,https://www.hikasustravel.com/es/private-tours/20-day-georgia-grand-tour-wine-hiking-and-culture/,301,true
https://www.hikasustravel.com/fr/destinations/,https://www.hikasustravel.com/fr/georgia/,301,true
https://www.hikasustravel.com/fr/destinations/regions/,https://www.hikasustravel.com/fr/georgia/regions/,301,true
https://www.hikasustravel.com/fr/destinations/cities/,https://www.hikasustravel.com/fr/georgia/cities/,301,true
https://www.hikasustravel.com/fr/destinations/places-to-visit/,https://www.hikasustravel.com/fr/georgia/places-to-visit/,301,true
https://www.hikasustravel.com/fr/destinations/cities/tbilisi/,https://www.hikasustravel.com/fr/georgia/tbilisi/,301,true
https://www.hikasustravel.com/fr/destinations/tbilisi/,https://www.hikasustravel.com/fr/georgia/tbilisi/,301,true
https://www.hikasustravel.com/fr/things-to-do-in-tbilisi/,https://www.hikasustravel.com/fr/georgia/tbilisi/things-to-do-in-tbilisi/,301,true
https://www.hikasustravel.com/fr/destinations/cities/akhaltsikhe/,https://www.hikasustravel.com/fr/georgia/akhaltsikhe/,301,true
https://www.hikasustravel.com/fr/destinations/akhaltsikhe/,https://www.hikasustravel.com/fr/georgia/akhaltsikhe/,301,true
https://www.hikasustravel.com/fr/things-to-do-in-akhaltsikhe/,https://www.hikasustravel.com/fr/georgia/akhaltsikhe/things-to-do-in-akhaltsikhe/,301,true
https://www.hikasustravel.com/fr/destinations/cities/ambrolauri/,https://www.hikasustravel.com/fr/georgia/ambrolauri/,301,true
https://www.hikasustravel.com/fr/destinations/ambrolauri/,https://www.hikasustravel.com/fr/georgia/ambrolauri/,301,true
https://www.hikasustravel.com/fr/things-to-do-in-ambrolauri/,https://www.hikasustravel.com/fr/georgia/ambrolauri/things-to-do-in-ambrolauri/,301,true
https://www.hikasustravel.com/fr/destinations/cities/bakuriani/,https://www.hikasustravel.com/fr/georgia/bakuriani/,301,true
https://www.hikasustravel.com/fr/destinations/bakuriani/,https://www.hikasustravel.com/fr/georgia/bakuriani/,301,true
https://www.hikasustravel.com/fr/things-to-do-in-bakuriani/,https://www.hikasustravel.com/fr/georgia/bakuriani/things-to-do-in-bakuriani/,301,true
https://www.hikasustravel.com/fr/destinations/cities/bakhmaro/,https://www.hikasustravel.com/fr/georgia/bakhmaro/,301,true
https://www.hikasustravel.com/fr/destinations/bakhmaro/,https://www.hikasustravel.com/fr/georgia/bakhmaro/,301,true
https://www.hikasustravel.com/fr/destinations/cities/gomismta/,https://www.hikasustravel.com/fr/georgia/gomismta/,301,true
https://www.hikasustravel.com/fr/destinations/gomismta/,https://www.hikasustravel.com/fr/georgia/gomismta/,301,true
https://www.hikasustravel.com/fr/destinations/cities/kutaisi/,https://www.hikasustravel.com/fr/georgia/kutaisi/,301,true
https://www.hikasustravel.com/fr/destinations/kutaisi/,https://www.hikasustravel.com/fr/georgia/kutaisi/,301,true
https://www.hikasustravel.com/fr/things-to-do-in-kutaisi/,https://www.hikasustravel.com/fr/georgia/kutaisi/things-to-do-in-kutaisi/,301,true
https://www.hikasustravel.com/fr/destinations/cities/tskaltubo/,https://www.hikasustravel.com/fr/georgia/tskaltubo/,301,true
https://www.hikasustravel.com/fr/destinations/tskaltubo/,https://www.hikasustravel.com/fr/georgia/tskaltubo/,301,true
https://www.hikasustravel.com/fr/things-to-do-in-tskaltubo/,https://www.hikasustravel.com/fr/georgia/tskaltubo/things-to-do-in-tskaltubo/,301,true
https://www.hikasustravel.com/fr/destinations/cities/chiatura/,https://www.hikasustravel.com/fr/georgia/chiatura/,301,true
https://www.hikasustravel.com/fr/destinations/chiatura/,https://www.hikasustravel.com/fr/georgia/chiatura/,301,true
https://www.hikasustravel.com/fr/things-to-do-in-chiatura/,https://www.hikasustravel.com/fr/georgia/chiatura/things-to-do-in-chiatura/,301,true
https://www.hikasustravel.com/fr/destinations/cities/batumi/,https://www.hikasustravel.com/fr/georgia/batumi/,301,true
https://www.hikasustravel.com/fr/destinations/batumi/,https://www.hikasustravel.com/fr/georgia/batumi/,301,true
https://www.hikasustravel.com/fr/things-to-do-in-batumi/,https://www.hikasustravel.com/fr/georgia/batumi/things-to-do-in-batumi/,301,true
https://www.hikasustravel.com/fr/destinations/cities/mtskheta/,https://www.hikasustravel.com/fr/georgia/mtskheta/,301,true
https://www.hikasustravel.com/fr/destinations/mtskheta/,https://www.hikasustravel.com/fr/georgia/mtskheta/,301,true
https://www.hikasustravel.com/fr/things-to-do-in-mtskheta/,https://www.hikasustravel.com/fr/georgia/mtskheta/things-to-do-in-mtskheta/,301,true
https://www.hikasustravel.com/fr/destinations/cities/ushguli/,https://www.hikasustravel.com/fr/georgia/ushguli/,301,true
https://www.hikasustravel.com/fr/destinations/ushguli/,https://www.hikasustravel.com/fr/georgia/ushguli/,301,true
https://www.hikasustravel.com/fr/things-to-do-in-ushguli/,https://www.hikasustravel.com/fr/georgia/ushguli/things-to-do-in-ushguli/,301,true
https://www.hikasustravel.com/fr/destinations/cities/mestia/,https://www.hikasustravel.com/fr/georgia/mestia/,301,true
https://www.hikasustravel.com/fr/destinations/mestia/,https://www.hikasustravel.com/fr/georgia/mestia/,301,true
https://www.hikasustravel.com/fr/things-to-do-in-mestia/,https://www.hikasustravel.com/fr/georgia/mestia/things-to-do-in-mestia/,301,true
https://www.hikasustravel.com/fr/destinations/cities/zugdidi/,https://www.hikasustravel.com/fr/georgia/zugdidi/,301,true
https://www.hikasustravel.com/fr/destinations/zugdidi/,https://www.hikasustravel.com/fr/georgia/zugdidi/,301,true
https://www.hikasustravel.com/fr/things-to-do-in-zugdidi/,https://www.hikasustravel.com/fr/georgia/zugdidi/things-to-do-in-zugdidi/,301,true
https://www.hikasustravel.com/fr/destinations/cities/martvili/,https://www.hikasustravel.com/fr/georgia/martvili/,301,true
https://www.hikasustravel.com/fr/destinations/martvili/,https://www.hikasustravel.com/fr/georgia/martvili/,301,true
https://www.hikasustravel.com/fr/things-to-do-in-martvili/,https://www.hikasustravel.com/fr/georgia/martvili/things-to-do-in-martvili/,301,true
https://www.hikasustravel.com/fr/destinations/cities/telavi/,https://www.hikasustravel.com/fr/georgia/telavi/,301,true
https://www.hikasustravel.com/fr/destinations/telavi/,https://www.hikasustravel.com/fr/georgia/telavi/,301,true
https://www.hikasustravel.com/fr/things-to-do-in-telavi/,https://www.hikasustravel.com/fr/georgia/telavi/things-to-do-in-telavi/,301,true
https://www.hikasustravel.com/fr/destinations/cities/oni/,https://www.hikasustravel.com/fr/georgia/oni/,301,true
https://www.hikasustravel.com/fr/destinations/oni/,https://www.hikasustravel.com/fr/georgia/oni/,301,true
https://www.hikasustravel.com/fr/things-to-do-in-oni/,https://www.hikasustravel.com/fr/georgia/oni/things-to-do-in-oni/,301,true
https://www.hikasustravel.com/fr/destinations/cities/gurjaani/,https://www.hikasustravel.com/fr/georgia/gurjaani/,301,true
https://www.hikasustravel.com/fr/destinations/gurjaani/,https://www.hikasustravel.com/fr/georgia/gurjaani/,301,true
https://www.hikasustravel.com/fr/things-to-do-in-gurjaani/,https://www.hikasustravel.com/fr/georgia/gurjaani/things-to-do-in-gurjaani/,301,true
https://www.hikasustravel.com/fr/destinations/cities/sighnaghi/,https://www.hikasustravel.com/fr/georgia/sighnaghi/,301,true
https://www.hikasustravel.com/fr/destinations/sighnaghi/,https://www.hikasustravel.com/fr/georgia/sighnaghi/,301,true
https://www.hikasustravel.com/fr/things-to-do-in-sighnaghi/,https://www.hikasustravel.com/fr/georgia/sighnaghi/things-to-do-in-sighnaghi/,301,true
https://www.hikasustravel.com/fr/destinations/cities/rustavi/,https://www.hikasustravel.com/fr/georgia/rustavi/,301,true
https://www.hikasustravel.com/fr/destinations/rustavi/,https://www.hikasustravel.com/fr/georgia/rustavi/,301,true
https://www.hikasustravel.com/fr/things-to-do-in-rustavi/,https://www.hikasustravel.com/fr/georgia/rustavi/things-to-do-in-rustavi/,301,true
https://www.hikasustravel.com/fr/destinations/cities/kvareli/,https://www.hikasustravel.com/fr/georgia/kvareli/,301,true
https://www.hikasustravel.com/fr/destinations/kvareli/,https://www.hikasustravel.com/fr/georgia/kvareli/,301,true
https://www.hikasustravel.com/fr/things-to-do-in-kvareli/,https://www.hikasustravel.com/fr/georgia/kvareli/things-to-do-in-kvareli/,301,true
https://www.hikasustravel.com/fr/destinations/cities/gori/,https://www.hikasustravel.com/fr/georgia/gori/,301,true
https://www.hikasustravel.com/fr/destinations/gori/,https://www.hikasustravel.com/fr/georgia/gori/,301,true
https://www.hikasustravel.com/fr/things-to-do-in-gori/,https://www.hikasustravel.com/fr/georgia/gori/things-to-do-in-gori/,301,true
https://www.hikasustravel.com/fr/destinations/cities/borjomi/,https://www.hikasustravel.com/fr/georgia/borjomi/,301,true
https://www.hikasustravel.com/fr/destinations/borjomi/,https://www.hikasustravel.com/fr/georgia/borjomi/,301,true
https://www.hikasustravel.com/fr/things-to-do-in-borjomi/,https://www.hikasustravel.com/fr/georgia/borjomi/things-to-do-in-borjomi/,301,true
https://www.hikasustravel.com/fr/destinations/cities/kazbegi/,https://www.hikasustravel.com/fr/georgia/kazbegi/,301,true
https://www.hikasustravel.com/fr/destinations/kazbegi/,https://www.hikasustravel.com/fr/georgia/kazbegi/,301,true
https://www.hikasustravel.com/fr/things-to-do-in-kazbegi/,https://www.hikasustravel.com/fr/georgia/kazbegi/things-to-do-in-kazbegi/,301,true
https://www.hikasustravel.com/fr/destinations/cities/gudauri/,https://www.hikasustravel.com/fr/georgia/gudauri/,301,true
https://www.hikasustravel.com/fr/destinations/gudauri/,https://www.hikasustravel.com/fr/georgia/gudauri/,301,true
https://www.hikasustravel.com/fr/things-to-do-in-gudauri/,https://www.hikasustravel.com/fr/georgia/gudauri/things-to-do-in-gudauri/,301,true
https://www.hikasustravel.com/fr/destinations/cities/dmanisi/,https://www.hikasustravel.com/fr/georgia/dmanisi/,301,true
https://www.hikasustravel.com/fr/destinations/dmanisi/,https://www.hikasustravel.com/fr/georgia/dmanisi/,301,true
https://www.hikasustravel.com/fr/things-to-do-in-dmanisi/,https://www.hikasustravel.com/fr/georgia/dmanisi/things-to-do-in-dmanisi/,301,true
https://www.hikasustravel.com/fr/destinations/cities/bolnisi/,https://www.hikasustravel.com/fr/georgia/bolnisi/,301,true
https://www.hikasustravel.com/fr/destinations/bolnisi/,https://www.hikasustravel.com/fr/georgia/bolnisi/,301,true
https://www.hikasustravel.com/fr/things-to-do-in-bolnisi/,https://www.hikasustravel.com/fr/georgia/bolnisi/things-to-do-in-bolnisi/,301,true
https://www.hikasustravel.com/fr/destinations/regions/adjara/,https://www.hikasustravel.com/fr/georgia/regions/adjara/,301,true
https://www.hikasustravel.com/fr/things-to-do-in-adjara/,https://www.hikasustravel.com/fr/georgia/adjara/things-to-do-in-adjara/,301,true
https://www.hikasustravel.com/fr/destinations/regions/guria/,https://www.hikasustravel.com/fr/georgia/regions/guria/,301,true
https://www.hikasustravel.com/fr/things-to-do-in-guria/,https://www.hikasustravel.com/fr/georgia/guria/things-to-do-in-guria/,301,true
https://www.hikasustravel.com/fr/destinations/regions/imereti/,https://www.hikasustravel.com/fr/georgia/regions/imereti/,301,true
https://www.hikasustravel.com/fr/things-to-do-in-imereti/,https://www.hikasustravel.com/fr/georgia/imereti/things-to-do-in-imereti/,301,true
https://www.hikasustravel.com/fr/destinations/regions/kakheti/,https://www.hikasustravel.com/fr/georgia/regions/kakheti/,301,true
https://www.hikasustravel.com/fr/things-to-do-in-kakheti/,https://www.hikasustravel.com/fr/georgia/kakheti/things-to-do-in-kakheti/,301,true
https://www.hikasustravel.com/fr/destinations/regions/kvemo-kartli/,https://www.hikasustravel.com/fr/georgia/regions/kvemo-kartli/,301,true
https://www.hikasustravel.com/fr/things-to-do-in-kvemo-kartli/,https://www.hikasustravel.com/fr/georgia/kvemo-kartli/things-to-do-in-kvemo-kartli/,301,true
https://www.hikasustravel.com/fr/destinations/regions/lechkhumi/,https://www.hikasustravel.com/fr/georgia/regions/lechkhumi/,301,true
https://www.hikasustravel.com/fr/things-to-do-in-lechkhumi/,https://www.hikasustravel.com/fr/georgia/lechkhumi/things-to-do-in-lechkhumi/,301,true
https://www.hikasustravel.com/fr/destinations/regions/mtskheta-mtianeti/,https://www.hikasustravel.com/fr/georgia/regions/mtskheta-mtianeti/,301,true
https://www.hikasustravel.com/fr/things-to-do-in-mtskheta-mtianeti/,https://www.hikasustravel.com/fr/georgia/mtskheta-mtianeti/things-to-do-in-mtskheta-mtianeti/,301,true
https://www.hikasustravel.com/fr/destinations/regions/racha/,https://www.hikasustravel.com/fr/georgia/regions/racha/,301,true
https://www.hikasustravel.com/fr/things-to-do-in-racha/,https://www.hikasustravel.com/fr/georgia/racha/things-to-do-in-racha/,301,true
https://www.hikasustravel.com/fr/destinations/regions/samegrelo/,https://www.hikasustravel.com/fr/georgia/regions/samegrelo/,301,true
https://www.hikasustravel.com/fr/things-to-do-in-samegrelo/,https://www.hikasustravel.com/fr/georgia/samegrelo/things-to-do-in-samegrelo/,301,true
https://www.hikasustravel.com/fr/destinations/regions/samtskhe-javakheti/,https://www.hikasustravel.com/fr/georgia/regions/samtskhe-javakheti/,301,true
https://www.hikasustravel.com/fr/things-to-do-in-samtskhe-javakheti/,https://www.hikasustravel.com/fr/georgia/samtskhe-javakheti/things-to-do-in-samtskhe-javakheti/,301,true
https://www.hikasustravel.com/fr/destinations/regions/shida-kartli/,https://www.hikasustravel.com/fr/georgia/regions/shida-kartli/,301,true
https://www.hikasustravel.com/fr/things-to-do-in-shida-kartli/,https://www.hikasustravel.com/fr/georgia/shida-kartli/things-to-do-in-shida-kartli/,301,true
https://www.hikasustravel.com/fr/destinations/regions/svaneti/,https://www.hikasustravel.com/fr/georgia/regions/svaneti/,301,true
https://www.hikasustravel.com/fr/things-to-do-in-svaneti/,https://www.hikasustravel.com/fr/georgia/svaneti/things-to-do-in-svaneti/,301,true
https://www.hikasustravel.com/fr/georgia/regions/racha-lechkhumi/tsageri-history-museum/,https://www.hikasustravel.com/fr/georgia/racha-lechkhumi/tsageri-history-museum/,301,true
https://www.hikasustravel.com/fr/georgia/regions/racha-lechkhumi/sairme-pillars/,https://www.hikasustravel.com/fr/georgia/racha-lechkhumi/sairme-pillars/,301,true
https://www.hikasustravel.com/fr/georgia/regions/racha-lechkhumi/rachkha-waterfall/,https://www.hikasustravel.com/fr/georgia/racha-lechkhumi/rachkha-waterfall/,301,true
https://www.hikasustravel.com/fr/georgia/regions/racha-lechkhumi/verdzistava-waterfall/,https://www.hikasustravel.com/fr/georgia/racha-lechkhumi/verdzistava-waterfall/,301,true
https://www.hikasustravel.com/fr/georgia/regions/racha-lechkhumi/zubi-fortress/,https://www.hikasustravel.com/fr/georgia/racha-lechkhumi/zubi-fortress/,301,true
https://www.hikasustravel.com/fr/georgia/regions/racha-lechkhumi/orbeli-fortress/,https://www.hikasustravel.com/fr/georgia/racha-lechkhumi/orbeli-fortress/,301,true
https://www.hikasustravel.com/fr/georgia/regions/racha-lechkhumi/lailashi-pool-okronishi/,https://www.hikasustravel.com/fr/georgia/racha-lechkhumi/lailashi-pool-okronishi/,301,true
https://www.hikasustravel.com/fr/georgia/regions/racha-lechkhumi/kulbaki-lakes/,https://www.hikasustravel.com/fr/georgia/racha-lechkhumi/kulbaki-lakes/,301,true
https://www.hikasustravel.com/fr/georgia/regions/racha-lechkhumi/cholevi-lake/,https://www.hikasustravel.com/fr/georgia/racha-lechkhumi/cholevi-lake/,301,true
https://www.hikasustravel.com/fr/georgia/regions/racha-lechkhumi/love-waterfall/,https://www.hikasustravel.com/fr/georgia/racha-lechkhumi/love-waterfall/,301,true
https://www.hikasustravel.com/fr/georgia/regions/racha-lechkhumi/minda-fortress/,https://www.hikasustravel.com/fr/georgia/racha-lechkhumi/minda-fortress/,301,true
https://www.hikasustravel.com/fr/georgia/regions/racha-lechkhumi/nikortsminda-cathedral/,https://www.hikasustravel.com/fr/georgia/racha-lechkhumi/nikortsminda-cathedral/,301,true
https://www.hikasustravel.com/fr/georgia/regions/racha-lechkhumi/shaori-lake/,https://www.hikasustravel.com/fr/georgia/racha-lechkhumi/shaori-lake/,301,true
https://www.hikasustravel.com/fr/georgia/regions/racha-lechkhumi/udziro-lake/,https://www.hikasustravel.com/fr/georgia/racha-lechkhumi/udziro-lake/,301,true
https://www.hikasustravel.com/fr/georgia/regions/racha-lechkhumi/khvamli-mountain/,https://www.hikasustravel.com/fr/georgia/racha-lechkhumi/khvamli-mountain/,301,true
https://www.hikasustravel.com/fr/georgia/regions/racha-lechkhumi/ghvirishi-waterfall/,https://www.hikasustravel.com/fr/georgia/racha-lechkhumi/ghvirishi-waterfall/,301,true
https://www.hikasustravel.com/fr/georgia/regions/racha-lechkhumi/askhi-massif/,https://www.hikasustravel.com/fr/georgia/racha-lechkhumi/askhi-massif/,301,true
https://www.hikasustravel.com/fr/georgia/regions/racha-lechkhumi/dekhviri-fortress/,https://www.hikasustravel.com/fr/georgia/racha-lechkhumi/dekhviri-fortress/,301,true
https://www.hikasustravel.com/fr/georgia/regions/kvemo-kartli/algeti-national-park/,https://www.hikasustravel.com/fr/georgia/kvemo-kartli/algeti-national-park/,301,true
https://www.hikasustravel.com/fr/georgia/regions/kvemo-kartli/birtvisi-fortress/,https://www.hikasustravel.com/fr/georgia/kvemo-kartli/birtvisi-fortress/,301,true
https://www.hikasustravel.com/fr/georgia/regions/kvemo-kartli/tsalka-dashbashi-canyon/,https://www.hikasustravel.com/fr/georgia/kvemo-kartli/tsalka-dashbashi-canyon/,301,true
https://www.hikasustravel.com/fr/georgia/regions/kakheti/ujarma-fortress/,https://www.hikasustravel.com/fr/georgia/kakheti/ujarma-fortress/,301,true
https://www.hikasustravel.com/fr/georgia/regions/kakheti/rtveli-georgian-grape-harvest/,https://www.hikasustravel.com/fr/georgia/kakheti/rtveli-georgian-grape-harvest/,301,true
https://www.hikasustravel.com/fr/georgia/regions/kakheti/pankisi-gorge/,https://www.hikasustravel.com/fr/georgia/kakheti/pankisi-gorge/,301,true
https://www.hikasustravel.com/fr/georgia/regions/kakheti/kvetera-fortress/,https://www.hikasustravel.com/fr/georgia/kakheti/kvetera-fortress/,301,true
https://www.hikasustravel.com/fr/georgia/regions/kakheti/lagodekhi-national-park/,https://www.hikasustravel.com/fr/georgia/kakheti/lagodekhi-national-park/,301,true
https://www.hikasustravel.com/fr/georgia/regions/kakheti/vashlovani-national-park/,https://www.hikasustravel.com/fr/georgia/kakheti/vashlovani-national-park/,301,true
https://www.hikasustravel.com/fr/georgia/regions/kakheti/gremi-archangels-complex/,https://www.hikasustravel.com/fr/georgia/kakheti/gremi-archangels-complex/,301,true
https://www.hikasustravel.com/fr/georgia/regions/kakheti/gombori-pass/,https://www.hikasustravel.com/fr/georgia/kakheti/gombori-pass/,301,true
https://www.hikasustravel.com/fr/georgia/regions/kakheti/david-gareja-monastery/,https://www.hikasustravel.com/fr/georgia/kakheti/david-gareja-monastery/,301,true
https://www.hikasustravel.com/fr/georgia/regions/guria/georgia-in-miniatures-shekvetili/,https://www.hikasustravel.com/fr/georgia/guria/georgia-in-miniatures-shekvetili/,301,true
https://www.hikasustravel.com/fr/georgia/regions/guria/musicians-park-shekvetili/,https://www.hikasustravel.com/fr/georgia/guria/musicians-park-shekvetili/,301,true
https://www.hikasustravel.com/fr/georgia/regions/guria/shekvetili-dendrological-park/,https://www.hikasustravel.com/fr/georgia/guria/shekvetili-dendrological-park/,301,true
https://www.hikasustravel.com/fr/georgia/regions/guria/shemokmedi-monastery/,https://www.hikasustravel.com/fr/georgia/guria/shemokmedi-monastery/,301,true
https://www.hikasustravel.com/fr/georgia/regions/guria/ureki-beach/,https://www.hikasustravel.com/fr/georgia/guria/ureki-beach/,301,true
https://www.hikasustravel.com/fr/georgia/regions/mtskheta-mtianeti/ananuri-fortress/,https://www.hikasustravel.com/fr/georgia/mtskheta-mtianeti/ananuri-fortress/,301,true
https://www.hikasustravel.com/fr/georgia/regions/shida-kartli/bateti-lake/,https://www.hikasustravel.com/fr/georgia/shida-kartli/bateti-lake/,301,true
https://www.hikasustravel.com/fr/georgia/regions/shida-kartli/kintsvisi-monastery/,https://www.hikasustravel.com/fr/georgia/shida-kartli/kintsvisi-monastery/,301,true
https://www.hikasustravel.com/fr/georgia/regions/shida-kartli/kvatakhevi-monastery/,https://www.hikasustravel.com/fr/georgia/shida-kartli/kvatakhevi-monastery/,301,true
https://www.hikasustravel.com/fr/georgia/regions/shida-kartli/samtavisi-cathedral/,https://www.hikasustravel.com/fr/georgia/shida-kartli/samtavisi-cathedral/,301,true
https://www.hikasustravel.com/fr/georgia/regions/imereti/prometheus-cave/,https://www.hikasustravel.com/fr/georgia/imereti/prometheus-cave/,301,true
https://www.hikasustravel.com/fr/georgia/regions/samtskhe-javakheti/vardzia/,https://www.hikasustravel.com/fr/georgia/samtskhe-javakheti/vardzia/,301,true
https://www.hikasustravel.com/fr/georgia/regions/samegrelo/nokalakevi/,https://www.hikasustravel.com/fr/georgia/samegrelo/nokalakevi/,301,true
https://www.hikasustravel.com/fr/georgia/regions/samegrelo/tobavarchkhili-lakes/,https://www.hikasustravel.com/fr/georgia/samegrelo/tobavarchkhili-lakes/,301,true
https://www.hikasustravel.com/fr/georgia/regions/samegrelo/paliastomi-lake-kolkheti-national-park/,https://www.hikasustravel.com/fr/georgia/samegrelo/paliastomi-lake-kolkheti-national-park/,301,true
https://www.hikasustravel.com/fr/georgia/regions/samegrelo/enguri-dam/,https://www.hikasustravel.com/fr/georgia/samegrelo/enguri-dam/,301,true
https://www.hikasustravel.com/fr/georgia/regions/samegrelo/intsra-waterfall/,https://www.hikasustravel.com/fr/georgia/samegrelo/intsra-waterfall/,301,true
https://www.hikasustravel.com/fr/georgia/regions/samegrelo/kolkheti-national-park/,https://www.hikasustravel.com/fr/georgia/samegrelo/kolkheti-national-park/,301,true
https://www.hikasustravel.com/fr/georgia/regions/svaneti/mount-ushba/,https://www.hikasustravel.com/fr/georgia/svaneti/mount-ushba/,301,true
https://www.hikasustravel.com/fr/georgia/regions/svaneti/svan-towers/,https://www.hikasustravel.com/fr/georgia/svaneti/svan-towers/,301,true
https://www.hikasustravel.com/fr/georgia/regions/samtskhe-javakheti/borjomi-kharagauli-national-park/,https://www.hikasustravel.com/fr/georgia/samtskhe-javakheti/borjomi-kharagauli-national-park/,301,true
https://www.hikasustravel.com/fr/georgia/regions/samtskhe-javakheti/khertvisi-fortress/,https://www.hikasustravel.com/fr/georgia/samtskhe-javakheti/khertvisi-fortress/,301,true
https://www.hikasustravel.com/fr/georgia/regions/samtskhe-javakheti/tmogvi-fortress/,https://www.hikasustravel.com/fr/georgia/samtskhe-javakheti/tmogvi-fortress/,301,true
https://www.hikasustravel.com/fr/georgia/regions/samtskhe-javakheti/lake-paravani/,https://www.hikasustravel.com/fr/georgia/samtskhe-javakheti/lake-paravani/,301,true
https://www.hikasustravel.com/fr/georgia/regions/samtskhe-javakheti/poka-nunnery/,https://www.hikasustravel.com/fr/georgia/samtskhe-javakheti/poka-nunnery/,301,true
https://www.hikasustravel.com/fr/georgia/regions/imereti/vani-archaeological-museum/,https://www.hikasustravel.com/fr/georgia/imereti/vani-archaeological-museum/,301,true
https://www.hikasustravel.com/fr/georgia/regions/imereti/ubisa-monastery/,https://www.hikasustravel.com/fr/georgia/imereti/ubisa-monastery/,301,true
https://www.hikasustravel.com/fr/georgia/regions/imereti/sataplia-nature-reserve/,https://www.hikasustravel.com/fr/georgia/imereti/sataplia-nature-reserve/,301,true
https://www.hikasustravel.com/fr/georgia/regions/imereti/okatse-kinchkha-waterfall/,https://www.hikasustravel.com/fr/georgia/imereti/okatse-kinchkha-waterfall/,301,true
https://www.hikasustravel.com/fr/georgia/racha-lechkhumi/khvanchkara-wine-monument/,https://www.hikasustravel.com/fr/georgia/ambrolauri/khvanchkara-wine-monument/,301,true
https://www.hikasustravel.com/fr/georgia/regions/racha-lechkhumi/khvanchkara-wine-monument/,https://www.hikasustravel.com/fr/georgia/ambrolauri/khvanchkara-wine-monument/,301,true
https://www.hikasustravel.com/fr/georgia/racha-lechkhumi/oni-synagogue/,https://www.hikasustravel.com/fr/georgia/oni/oni-synagogue/,301,true
https://www.hikasustravel.com/fr/georgia/regions/racha-lechkhumi/oni-synagogue/,https://www.hikasustravel.com/fr/georgia/oni/oni-synagogue/,301,true
https://www.hikasustravel.com/fr/georgia/kakheti/nekresi-monastery/,https://www.hikasustravel.com/fr/georgia/kvareli/nekresi-monastery/,301,true
https://www.hikasustravel.com/fr/georgia/regions/kakheti/nekresi-monastery/,https://www.hikasustravel.com/fr/georgia/kvareli/nekresi-monastery/,301,true
https://www.hikasustravel.com/fr/georgia/kakheti/gurjaani-kvelatsminda/,https://www.hikasustravel.com/fr/georgia/gurjaani/gurjaani-kvelatsminda/,301,true
https://www.hikasustravel.com/fr/georgia/regions/kakheti/gurjaani-kvelatsminda/,https://www.hikasustravel.com/fr/georgia/gurjaani/gurjaani-kvelatsminda/,301,true
https://www.hikasustravel.com/fr/georgia/shida-kartli/uplistsikhe/,https://www.hikasustravel.com/fr/georgia/gori/uplistsikhe/,301,true
https://www.hikasustravel.com/fr/georgia/regions/shida-kartli/uplistsikhe/,https://www.hikasustravel.com/fr/georgia/gori/uplistsikhe/,301,true
https://www.hikasustravel.com/fr/georgia/shida-kartli/ateni-sioni/,https://www.hikasustravel.com/fr/georgia/gori/ateni-sioni/,301,true
https://www.hikasustravel.com/fr/georgia/regions/shida-kartli/ateni-sioni/,https://www.hikasustravel.com/fr/georgia/gori/ateni-sioni/,301,true
https://www.hikasustravel.com/fr/georgia/samegrelo/martvili-canyon/,https://www.hikasustravel.com/fr/georgia/martvili/martvili-canyon/,301,true
https://www.hikasustravel.com/fr/georgia/regions/samegrelo/martvili-canyon/,https://www.hikasustravel.com/fr/georgia/martvili/martvili-canyon/,301,true
https://www.hikasustravel.com/fr/georgia/samegrelo/martvili-monastery/,https://www.hikasustravel.com/fr/georgia/martvili/martvili-monastery/,301,true
https://www.hikasustravel.com/fr/georgia/regions/samegrelo/martvili-monastery/,https://www.hikasustravel.com/fr/georgia/martvili/martvili-monastery/,301,true
https://www.hikasustravel.com/fr/georgia/samegrelo/dadiani-palace-museum/,https://www.hikasustravel.com/fr/georgia/zugdidi/dadiani-palace-museum/,301,true
https://www.hikasustravel.com/fr/georgia/regions/samegrelo/dadiani-palace-museum/,https://www.hikasustravel.com/fr/georgia/zugdidi/dadiani-palace-museum/,301,true
https://www.hikasustravel.com/fr/georgia/svaneti/chalaadi-glacier/,https://www.hikasustravel.com/fr/georgia/mestia/chalaadi-glacier/,301,true
https://www.hikasustravel.com/fr/georgia/regions/svaneti/chalaadi-glacier/,https://www.hikasustravel.com/fr/georgia/mestia/chalaadi-glacier/,301,true
https://www.hikasustravel.com/fr/georgia/svaneti/koruldi-lakes/,https://www.hikasustravel.com/fr/georgia/mestia/koruldi-lakes/,301,true
https://www.hikasustravel.com/fr/georgia/regions/svaneti/koruldi-lakes/,https://www.hikasustravel.com/fr/georgia/mestia/koruldi-lakes/,301,true
https://www.hikasustravel.com/fr/georgia/svaneti/tetnuldi-ski-resort/,https://www.hikasustravel.com/fr/georgia/mestia/tetnuldi-ski-resort/,301,true
https://www.hikasustravel.com/fr/georgia/regions/svaneti/tetnuldi-ski-resort/,https://www.hikasustravel.com/fr/georgia/mestia/tetnuldi-ski-resort/,301,true
https://www.hikasustravel.com/fr/georgia/svaneti/cross-over-mestia/,https://www.hikasustravel.com/fr/georgia/mestia/cross-over-mestia/,301,true
https://www.hikasustravel.com/fr/georgia/regions/svaneti/cross-over-mestia/,https://www.hikasustravel.com/fr/georgia/mestia/cross-over-mestia/,301,true
https://www.hikasustravel.com/fr/georgia/svaneti/shkhara-glacier/,https://www.hikasustravel.com/fr/georgia/ushguli/shkhara-glacier/,301,true
https://www.hikasustravel.com/fr/georgia/regions/svaneti/shkhara-glacier/,https://www.hikasustravel.com/fr/georgia/ushguli/shkhara-glacier/,301,true
https://www.hikasustravel.com/fr/georgia/imereti/katskhi-pillar/,https://www.hikasustravel.com/fr/georgia/chiatura/katskhi-pillar/,301,true
https://www.hikasustravel.com/fr/georgia/regions/imereti/katskhi-pillar/,https://www.hikasustravel.com/fr/georgia/chiatura/katskhi-pillar/,301,true
https://www.hikasustravel.com/fr/georgia/samtskhe-javakheti/abastumani-observatory/,https://www.hikasustravel.com/fr/georgia/abastumani/abastumani-observatory/,301,true
https://www.hikasustravel.com/fr/georgia/regions/samtskhe-javakheti/abastumani-observatory/,https://www.hikasustravel.com/fr/georgia/abastumani/abastumani-observatory/,301,true
https://www.hikasustravel.com/fr/georgia/samtskhe-javakheti/green-monastery/,https://www.hikasustravel.com/fr/georgia/borjomi/green-monastery/,301,true
https://www.hikasustravel.com/fr/georgia/regions/samtskhe-javakheti/green-monastery/,https://www.hikasustravel.com/fr/georgia/borjomi/green-monastery/,301,true
https://www.hikasustravel.com/fr/georgia/samtskhe-javakheti/sapara-monastery/,https://www.hikasustravel.com/fr/georgia/akhaltsikhe/sapara-monastery/,301,true
https://www.hikasustravel.com/fr/georgia/regions/samtskhe-javakheti/sapara-monastery/,https://www.hikasustravel.com/fr/georgia/akhaltsikhe/sapara-monastery/,301,true
https://www.hikasustravel.com/fr/georgia/samtskhe-javakheti/timotesubani-monastery/,https://www.hikasustravel.com/fr/georgia/borjomi/timotesubani-monastery/,301,true
https://www.hikasustravel.com/fr/georgia/regions/samtskhe-javakheti/timotesubani-monastery/,https://www.hikasustravel.com/fr/georgia/borjomi/timotesubani-monastery/,301,true
https://www.hikasustravel.com/fr/georgia/imereti/tetra-cave/,https://www.hikasustravel.com/fr/georgia/tskaltubo/tetra-cave/,301,true
https://www.hikasustravel.com/fr/georgia/regions/imereti/tetra-cave/,https://www.hikasustravel.com/fr/georgia/tskaltubo/tetra-cave/,301,true
https://www.hikasustravel.com/fr/georgia/imereti/mghvimevi-monastery/,https://www.hikasustravel.com/fr/georgia/chiatura/mghvimevi-monastery/,301,true
https://www.hikasustravel.com/fr/georgia/regions/imereti/mghvimevi-monastery/,https://www.hikasustravel.com/fr/georgia/chiatura/mghvimevi-monastery/,301,true
https://www.hikasustravel.com/fr/georgia/gudauri/russia-georgia-friendship-monument/,https://www.hikasustravel.com/fr/georgia/gudauri/gudauri-panorama/,301,true
https://www.hikasustravel.com/fr/georgia/kazbegi-stepantsminda/,https://www.hikasustravel.com/fr/georgia/kazbegi/,301,true
https://www.hikasustravel.com/fr/georgia/kazbegi-stepantsminda/things-to-do-in-kazbegi-stepantsminda/,https://www.hikasustravel.com/fr/georgia/kazbegi/things-to-do-in-kazbegi/,301,true
https://www.hikasustravel.com/fr/georgia/kazbegi-stepantsminda/gergeti-trinity-church/,https://www.hikasustravel.com/fr/georgia/kazbegi/gergeti-trinity-church/,301,true
https://www.hikasustravel.com/fr/georgia/kazbegi-stepantsminda/gveleti-waterfalls/,https://www.hikasustravel.com/fr/georgia/kazbegi/gveleti-waterfalls/,301,true
https://www.hikasustravel.com/fr/georgia/kazbegi-stepantsminda/juta/,https://www.hikasustravel.com/fr/georgia/kazbegi/juta/,301,true
https://www.hikasustravel.com/fr/georgia/kazbegi-stepantsminda/truso-valley/,https://www.hikasustravel.com/fr/georgia/kazbegi/truso-valley/,301,true
https://www.hikasustravel.com/fr/georgia/kazbegi-stepantsminda/arsha-waterfall/,https://www.hikasustravel.com/fr/georgia/kazbegi/arsha-waterfall/,301,true
https://www.hikasustravel.com/fr/georgia/kazbegi-stepantsminda/elia-hill-kazbegi/,https://www.hikasustravel.com/fr/georgia/kazbegi/elia-hill-kazbegi/,301,true
https://www.hikasustravel.com/fr/georgia/kazbegi-stepantsminda/gergeti-glacier/,https://www.hikasustravel.com/fr/georgia/kazbegi/gergeti-glacier/,301,true
https://www.hikasustravel.com/fr/private-tours/savor-the-flavors-of-kakheti-3-day-wine-and-culture-adventure/,https://www.hikasustravel.com/fr/private-tours/3-day-kakheti-wine-and-food-tour-from-tbilisi/,301,true
https://www.hikasustravel.com/fr/private-tours/experience-georgias-rich-culture-coastal-beauty-5-day-tour-from-tbilisi-to-batumi/,https://www.hikasustravel.com/fr/private-tours/5-day-private-tour-from-tbilisi-to-batumi/,301,true
https://www.hikasustravel.com/fr/private-tours/sulfur-baths-and-sipping-wine-5-days-of-georgian-delights/,https://www.hikasustravel.com/fr/private-tours/5-day-georgia-private-tour-tbilisi-wine-and-sulfur-baths/,301,true
https://www.hikasustravel.com/fr/private-tours/tbilisi-to-treasures-a-6-day-journey-through-georgias-icons-and-hidden-gems/,https://www.hikasustravel.com/fr/private-tours/6-day-georgia-private-tour-highlights-from-tbilisi/,301,true
https://www.hikasustravel.com/fr/private-tours/georgias-cultural-wonders-7-day-adventure-from-kutaisi-to-tbilisi-and-beyond/,https://www.hikasustravel.com/fr/private-tours/7-day-georgia-cultural-tour-kutaisi-to-tbilisi/,301,true
https://www.hikasustravel.com/fr/private-tours/experience-the-heart-of-georgia-8-day-journey-of-culture-nature-wine-tastings/,https://www.hikasustravel.com/fr/private-tours/8-day-georgia-private-tour-culture-nature-and-wine/,301,true
https://www.hikasustravel.com/fr/private-tours/immerse-yourself-in-georgia-8-day-cultural-and-adventure-journey-through-the-caucasus/,https://www.hikasustravel.com/fr/private-tours/8-day-georgia-culture-and-adventure-tour/,301,true
https://www.hikasustravel.com/fr/private-tours/ultimate-georgia-exploration-9-day-tour-from-kutaisi-to-tbilisi-and-hidden-gems/,https://www.hikasustravel.com/fr/private-tours/9-day-georgia-private-tour-kutaisi-to-tbilisi/,301,true
https://www.hikasustravel.com/fr/private-tours/wander-wonder-and-wine-9-days-of-georgias-best/,https://www.hikasustravel.com/fr/private-tours/georgia-grand-tour-9-days-from-tbilisi-to-batumi/,301,true
https://www.hikasustravel.com/fr/private-tours/wine-wonders-and-the-caucasus-a-9-day-adventure-in-georgia/,https://www.hikasustravel.com/fr/private-tours/9-day-georgia-wine-and-adventure-tour/,301,true
https://www.hikasustravel.com/fr/private-tours/13-day-georgia-grand-tour-culture-and-nature/,https://www.hikasustravel.com/fr/private-tours/13-day-georgia-grand-tour-from-kutaisi-culture-and-nature/,301,true
https://www.hikasustravel.com/fr/private-tours/grand-georgia-adventure-13-day-cultural-and-scenic-journey/,https://www.hikasustravel.com/fr/private-tours/13-day-georgia-grand-tour-from-kutaisi-culture-and-nature/,301,true
https://www.hikasustravel.com/fr/private-tours/georgia-on-my-mind-20-days-of-tasting-trekking-and-total-relaxation/,https://www.hikasustravel.com/fr/private-tours/20-day-georgia-grand-tour-wine-hiking-and-culture/,301,true
https://www.hikasustravel.com/de/destinations/,https://www.hikasustravel.com/de/georgia/,301,true
https://www.hikasustravel.com/de/destinations/regions/,https://www.hikasustravel.com/de/georgia/regions/,301,true
https://www.hikasustravel.com/de/destinations/cities/,https://www.hikasustravel.com/de/georgia/cities/,301,true
https://www.hikasustravel.com/de/destinations/places-to-visit/,https://www.hikasustravel.com/de/georgia/places-to-visit/,301,true
https://www.hikasustravel.com/de/destinations/cities/tbilisi/,https://www.hikasustravel.com/de/georgia/tbilisi/,301,true
https://www.hikasustravel.com/de/destinations/tbilisi/,https://www.hikasustravel.com/de/georgia/tbilisi/,301,true
https://www.hikasustravel.com/de/things-to-do-in-tbilisi/,https://www.hikasustravel.com/de/georgia/tbilisi/things-to-do-in-tbilisi/,301,true
https://www.hikasustravel.com/de/destinations/cities/akhaltsikhe/,https://www.hikasustravel.com/de/georgia/akhaltsikhe/,301,true
https://www.hikasustravel.com/de/destinations/akhaltsikhe/,https://www.hikasustravel.com/de/georgia/akhaltsikhe/,301,true
https://www.hikasustravel.com/de/things-to-do-in-akhaltsikhe/,https://www.hikasustravel.com/de/georgia/akhaltsikhe/things-to-do-in-akhaltsikhe/,301,true
https://www.hikasustravel.com/de/destinations/cities/ambrolauri/,https://www.hikasustravel.com/de/georgia/ambrolauri/,301,true
https://www.hikasustravel.com/de/destinations/ambrolauri/,https://www.hikasustravel.com/de/georgia/ambrolauri/,301,true
https://www.hikasustravel.com/de/things-to-do-in-ambrolauri/,https://www.hikasustravel.com/de/georgia/ambrolauri/things-to-do-in-ambrolauri/,301,true
https://www.hikasustravel.com/de/destinations/cities/bakuriani/,https://www.hikasustravel.com/de/georgia/bakuriani/,301,true
https://www.hikasustravel.com/de/destinations/bakuriani/,https://www.hikasustravel.com/de/georgia/bakuriani/,301,true
https://www.hikasustravel.com/de/things-to-do-in-bakuriani/,https://www.hikasustravel.com/de/georgia/bakuriani/things-to-do-in-bakuriani/,301,true
https://www.hikasustravel.com/de/destinations/cities/bakhmaro/,https://www.hikasustravel.com/de/georgia/bakhmaro/,301,true
https://www.hikasustravel.com/de/destinations/bakhmaro/,https://www.hikasustravel.com/de/georgia/bakhmaro/,301,true
https://www.hikasustravel.com/de/destinations/cities/gomismta/,https://www.hikasustravel.com/de/georgia/gomismta/,301,true
https://www.hikasustravel.com/de/destinations/gomismta/,https://www.hikasustravel.com/de/georgia/gomismta/,301,true
https://www.hikasustravel.com/de/destinations/cities/kutaisi/,https://www.hikasustravel.com/de/georgia/kutaisi/,301,true
https://www.hikasustravel.com/de/destinations/kutaisi/,https://www.hikasustravel.com/de/georgia/kutaisi/,301,true
https://www.hikasustravel.com/de/things-to-do-in-kutaisi/,https://www.hikasustravel.com/de/georgia/kutaisi/things-to-do-in-kutaisi/,301,true
https://www.hikasustravel.com/de/destinations/cities/tskaltubo/,https://www.hikasustravel.com/de/georgia/tskaltubo/,301,true
https://www.hikasustravel.com/de/destinations/tskaltubo/,https://www.hikasustravel.com/de/georgia/tskaltubo/,301,true
https://www.hikasustravel.com/de/things-to-do-in-tskaltubo/,https://www.hikasustravel.com/de/georgia/tskaltubo/things-to-do-in-tskaltubo/,301,true
https://www.hikasustravel.com/de/destinations/cities/chiatura/,https://www.hikasustravel.com/de/georgia/chiatura/,301,true
https://www.hikasustravel.com/de/destinations/chiatura/,https://www.hikasustravel.com/de/georgia/chiatura/,301,true
https://www.hikasustravel.com/de/things-to-do-in-chiatura/,https://www.hikasustravel.com/de/georgia/chiatura/things-to-do-in-chiatura/,301,true
https://www.hikasustravel.com/de/destinations/cities/batumi/,https://www.hikasustravel.com/de/georgia/batumi/,301,true
https://www.hikasustravel.com/de/destinations/batumi/,https://www.hikasustravel.com/de/georgia/batumi/,301,true
https://www.hikasustravel.com/de/things-to-do-in-batumi/,https://www.hikasustravel.com/de/georgia/batumi/things-to-do-in-batumi/,301,true
https://www.hikasustravel.com/de/destinations/cities/mtskheta/,https://www.hikasustravel.com/de/georgia/mtskheta/,301,true
https://www.hikasustravel.com/de/destinations/mtskheta/,https://www.hikasustravel.com/de/georgia/mtskheta/,301,true
https://www.hikasustravel.com/de/things-to-do-in-mtskheta/,https://www.hikasustravel.com/de/georgia/mtskheta/things-to-do-in-mtskheta/,301,true
https://www.hikasustravel.com/de/destinations/cities/ushguli/,https://www.hikasustravel.com/de/georgia/ushguli/,301,true
https://www.hikasustravel.com/de/destinations/ushguli/,https://www.hikasustravel.com/de/georgia/ushguli/,301,true
https://www.hikasustravel.com/de/things-to-do-in-ushguli/,https://www.hikasustravel.com/de/georgia/ushguli/things-to-do-in-ushguli/,301,true
https://www.hikasustravel.com/de/destinations/cities/mestia/,https://www.hikasustravel.com/de/georgia/mestia/,301,true
https://www.hikasustravel.com/de/destinations/mestia/,https://www.hikasustravel.com/de/georgia/mestia/,301,true
https://www.hikasustravel.com/de/things-to-do-in-mestia/,https://www.hikasustravel.com/de/georgia/mestia/things-to-do-in-mestia/,301,true
https://www.hikasustravel.com/de/destinations/cities/zugdidi/,https://www.hikasustravel.com/de/georgia/zugdidi/,301,true
https://www.hikasustravel.com/de/destinations/zugdidi/,https://www.hikasustravel.com/de/georgia/zugdidi/,301,true
https://www.hikasustravel.com/de/things-to-do-in-zugdidi/,https://www.hikasustravel.com/de/georgia/zugdidi/things-to-do-in-zugdidi/,301,true
https://www.hikasustravel.com/de/destinations/cities/martvili/,https://www.hikasustravel.com/de/georgia/martvili/,301,true
https://www.hikasustravel.com/de/destinations/martvili/,https://www.hikasustravel.com/de/georgia/martvili/,301,true
https://www.hikasustravel.com/de/things-to-do-in-martvili/,https://www.hikasustravel.com/de/georgia/martvili/things-to-do-in-martvili/,301,true
https://www.hikasustravel.com/de/destinations/cities/telavi/,https://www.hikasustravel.com/de/georgia/telavi/,301,true
https://www.hikasustravel.com/de/destinations/telavi/,https://www.hikasustravel.com/de/georgia/telavi/,301,true
https://www.hikasustravel.com/de/things-to-do-in-telavi/,https://www.hikasustravel.com/de/georgia/telavi/things-to-do-in-telavi/,301,true
https://www.hikasustravel.com/de/destinations/cities/oni/,https://www.hikasustravel.com/de/georgia/oni/,301,true
https://www.hikasustravel.com/de/destinations/oni/,https://www.hikasustravel.com/de/georgia/oni/,301,true
https://www.hikasustravel.com/de/things-to-do-in-oni/,https://www.hikasustravel.com/de/georgia/oni/things-to-do-in-oni/,301,true
https://www.hikasustravel.com/de/destinations/cities/gurjaani/,https://www.hikasustravel.com/de/georgia/gurjaani/,301,true
https://www.hikasustravel.com/de/destinations/gurjaani/,https://www.hikasustravel.com/de/georgia/gurjaani/,301,true
https://www.hikasustravel.com/de/things-to-do-in-gurjaani/,https://www.hikasustravel.com/de/georgia/gurjaani/things-to-do-in-gurjaani/,301,true
https://www.hikasustravel.com/de/destinations/cities/sighnaghi/,https://www.hikasustravel.com/de/georgia/sighnaghi/,301,true
https://www.hikasustravel.com/de/destinations/sighnaghi/,https://www.hikasustravel.com/de/georgia/sighnaghi/,301,true
https://www.hikasustravel.com/de/things-to-do-in-sighnaghi/,https://www.hikasustravel.com/de/georgia/sighnaghi/things-to-do-in-sighnaghi/,301,true
https://www.hikasustravel.com/de/destinations/cities/rustavi/,https://www.hikasustravel.com/de/georgia/rustavi/,301,true
https://www.hikasustravel.com/de/destinations/rustavi/,https://www.hikasustravel.com/de/georgia/rustavi/,301,true
https://www.hikasustravel.com/de/things-to-do-in-rustavi/,https://www.hikasustravel.com/de/georgia/rustavi/things-to-do-in-rustavi/,301,true
https://www.hikasustravel.com/de/destinations/cities/kvareli/,https://www.hikasustravel.com/de/georgia/kvareli/,301,true
https://www.hikasustravel.com/de/destinations/kvareli/,https://www.hikasustravel.com/de/georgia/kvareli/,301,true
https://www.hikasustravel.com/de/things-to-do-in-kvareli/,https://www.hikasustravel.com/de/georgia/kvareli/things-to-do-in-kvareli/,301,true
https://www.hikasustravel.com/de/destinations/cities/gori/,https://www.hikasustravel.com/de/georgia/gori/,301,true
https://www.hikasustravel.com/de/destinations/gori/,https://www.hikasustravel.com/de/georgia/gori/,301,true
https://www.hikasustravel.com/de/things-to-do-in-gori/,https://www.hikasustravel.com/de/georgia/gori/things-to-do-in-gori/,301,true
https://www.hikasustravel.com/de/destinations/cities/borjomi/,https://www.hikasustravel.com/de/georgia/borjomi/,301,true
https://www.hikasustravel.com/de/destinations/borjomi/,https://www.hikasustravel.com/de/georgia/borjomi/,301,true
https://www.hikasustravel.com/de/things-to-do-in-borjomi/,https://www.hikasustravel.com/de/georgia/borjomi/things-to-do-in-borjomi/,301,true
https://www.hikasustravel.com/de/destinations/cities/kazbegi/,https://www.hikasustravel.com/de/georgia/kazbegi/,301,true
https://www.hikasustravel.com/de/destinations/kazbegi/,https://www.hikasustravel.com/de/georgia/kazbegi/,301,true
https://www.hikasustravel.com/de/things-to-do-in-kazbegi/,https://www.hikasustravel.com/de/georgia/kazbegi/things-to-do-in-kazbegi/,301,true
https://www.hikasustravel.com/de/destinations/cities/gudauri/,https://www.hikasustravel.com/de/georgia/gudauri/,301,true
https://www.hikasustravel.com/de/destinations/gudauri/,https://www.hikasustravel.com/de/georgia/gudauri/,301,true
https://www.hikasustravel.com/de/things-to-do-in-gudauri/,https://www.hikasustravel.com/de/georgia/gudauri/things-to-do-in-gudauri/,301,true
https://www.hikasustravel.com/de/destinations/cities/dmanisi/,https://www.hikasustravel.com/de/georgia/dmanisi/,301,true
https://www.hikasustravel.com/de/destinations/dmanisi/,https://www.hikasustravel.com/de/georgia/dmanisi/,301,true
https://www.hikasustravel.com/de/things-to-do-in-dmanisi/,https://www.hikasustravel.com/de/georgia/dmanisi/things-to-do-in-dmanisi/,301,true
https://www.hikasustravel.com/de/destinations/cities/bolnisi/,https://www.hikasustravel.com/de/georgia/bolnisi/,301,true
https://www.hikasustravel.com/de/destinations/bolnisi/,https://www.hikasustravel.com/de/georgia/bolnisi/,301,true
https://www.hikasustravel.com/de/things-to-do-in-bolnisi/,https://www.hikasustravel.com/de/georgia/bolnisi/things-to-do-in-bolnisi/,301,true
https://www.hikasustravel.com/de/destinations/regions/adjara/,https://www.hikasustravel.com/de/georgia/regions/adjara/,301,true
https://www.hikasustravel.com/de/things-to-do-in-adjara/,https://www.hikasustravel.com/de/georgia/adjara/things-to-do-in-adjara/,301,true
https://www.hikasustravel.com/de/destinations/regions/guria/,https://www.hikasustravel.com/de/georgia/regions/guria/,301,true
https://www.hikasustravel.com/de/things-to-do-in-guria/,https://www.hikasustravel.com/de/georgia/guria/things-to-do-in-guria/,301,true
https://www.hikasustravel.com/de/destinations/regions/imereti/,https://www.hikasustravel.com/de/georgia/regions/imereti/,301,true
https://www.hikasustravel.com/de/things-to-do-in-imereti/,https://www.hikasustravel.com/de/georgia/imereti/things-to-do-in-imereti/,301,true
https://www.hikasustravel.com/de/destinations/regions/kakheti/,https://www.hikasustravel.com/de/georgia/regions/kakheti/,301,true
https://www.hikasustravel.com/de/things-to-do-in-kakheti/,https://www.hikasustravel.com/de/georgia/kakheti/things-to-do-in-kakheti/,301,true
https://www.hikasustravel.com/de/destinations/regions/kvemo-kartli/,https://www.hikasustravel.com/de/georgia/regions/kvemo-kartli/,301,true
https://www.hikasustravel.com/de/things-to-do-in-kvemo-kartli/,https://www.hikasustravel.com/de/georgia/kvemo-kartli/things-to-do-in-kvemo-kartli/,301,true
https://www.hikasustravel.com/de/destinations/regions/lechkhumi/,https://www.hikasustravel.com/de/georgia/regions/lechkhumi/,301,true
https://www.hikasustravel.com/de/things-to-do-in-lechkhumi/,https://www.hikasustravel.com/de/georgia/lechkhumi/things-to-do-in-lechkhumi/,301,true
https://www.hikasustravel.com/de/destinations/regions/mtskheta-mtianeti/,https://www.hikasustravel.com/de/georgia/regions/mtskheta-mtianeti/,301,true
https://www.hikasustravel.com/de/things-to-do-in-mtskheta-mtianeti/,https://www.hikasustravel.com/de/georgia/mtskheta-mtianeti/things-to-do-in-mtskheta-mtianeti/,301,true
https://www.hikasustravel.com/de/destinations/regions/racha/,https://www.hikasustravel.com/de/georgia/regions/racha/,301,true
https://www.hikasustravel.com/de/things-to-do-in-racha/,https://www.hikasustravel.com/de/georgia/racha/things-to-do-in-racha/,301,true
https://www.hikasustravel.com/de/destinations/regions/samegrelo/,https://www.hikasustravel.com/de/georgia/regions/samegrelo/,301,true
https://www.hikasustravel.com/de/things-to-do-in-samegrelo/,https://www.hikasustravel.com/de/georgia/samegrelo/things-to-do-in-samegrelo/,301,true
https://www.hikasustravel.com/de/destinations/regions/samtskhe-javakheti/,https://www.hikasustravel.com/de/georgia/regions/samtskhe-javakheti/,301,true
https://www.hikasustravel.com/de/things-to-do-in-samtskhe-javakheti/,https://www.hikasustravel.com/de/georgia/samtskhe-javakheti/things-to-do-in-samtskhe-javakheti/,301,true
https://www.hikasustravel.com/de/destinations/regions/shida-kartli/,https://www.hikasustravel.com/de/georgia/regions/shida-kartli/,301,true
https://www.hikasustravel.com/de/things-to-do-in-shida-kartli/,https://www.hikasustravel.com/de/georgia/shida-kartli/things-to-do-in-shida-kartli/,301,true
https://www.hikasustravel.com/de/destinations/regions/svaneti/,https://www.hikasustravel.com/de/georgia/regions/svaneti/,301,true
https://www.hikasustravel.com/de/things-to-do-in-svaneti/,https://www.hikasustravel.com/de/georgia/svaneti/things-to-do-in-svaneti/,301,true
https://www.hikasustravel.com/de/georgia/regions/racha-lechkhumi/tsageri-history-museum/,https://www.hikasustravel.com/de/georgia/racha-lechkhumi/tsageri-history-museum/,301,true
https://www.hikasustravel.com/de/georgia/regions/racha-lechkhumi/sairme-pillars/,https://www.hikasustravel.com/de/georgia/racha-lechkhumi/sairme-pillars/,301,true
https://www.hikasustravel.com/de/georgia/regions/racha-lechkhumi/rachkha-waterfall/,https://www.hikasustravel.com/de/georgia/racha-lechkhumi/rachkha-waterfall/,301,true
https://www.hikasustravel.com/de/georgia/regions/racha-lechkhumi/verdzistava-waterfall/,https://www.hikasustravel.com/de/georgia/racha-lechkhumi/verdzistava-waterfall/,301,true
https://www.hikasustravel.com/de/georgia/regions/racha-lechkhumi/zubi-fortress/,https://www.hikasustravel.com/de/georgia/racha-lechkhumi/zubi-fortress/,301,true
https://www.hikasustravel.com/de/georgia/regions/racha-lechkhumi/orbeli-fortress/,https://www.hikasustravel.com/de/georgia/racha-lechkhumi/orbeli-fortress/,301,true
https://www.hikasustravel.com/de/georgia/regions/racha-lechkhumi/lailashi-pool-okronishi/,https://www.hikasustravel.com/de/georgia/racha-lechkhumi/lailashi-pool-okronishi/,301,true
https://www.hikasustravel.com/de/georgia/regions/racha-lechkhumi/kulbaki-lakes/,https://www.hikasustravel.com/de/georgia/racha-lechkhumi/kulbaki-lakes/,301,true
https://www.hikasustravel.com/de/georgia/regions/racha-lechkhumi/cholevi-lake/,https://www.hikasustravel.com/de/georgia/racha-lechkhumi/cholevi-lake/,301,true
https://www.hikasustravel.com/de/georgia/regions/racha-lechkhumi/love-waterfall/,https://www.hikasustravel.com/de/georgia/racha-lechkhumi/love-waterfall/,301,true
https://www.hikasustravel.com/de/georgia/regions/racha-lechkhumi/minda-fortress/,https://www.hikasustravel.com/de/georgia/racha-lechkhumi/minda-fortress/,301,true
https://www.hikasustravel.com/de/georgia/regions/racha-lechkhumi/nikortsminda-cathedral/,https://www.hikasustravel.com/de/georgia/racha-lechkhumi/nikortsminda-cathedral/,301,true
https://www.hikasustravel.com/de/georgia/regions/racha-lechkhumi/shaori-lake/,https://www.hikasustravel.com/de/georgia/racha-lechkhumi/shaori-lake/,301,true
https://www.hikasustravel.com/de/georgia/regions/racha-lechkhumi/udziro-lake/,https://www.hikasustravel.com/de/georgia/racha-lechkhumi/udziro-lake/,301,true
https://www.hikasustravel.com/de/georgia/regions/racha-lechkhumi/khvamli-mountain/,https://www.hikasustravel.com/de/georgia/racha-lechkhumi/khvamli-mountain/,301,true
https://www.hikasustravel.com/de/georgia/regions/racha-lechkhumi/ghvirishi-waterfall/,https://www.hikasustravel.com/de/georgia/racha-lechkhumi/ghvirishi-waterfall/,301,true
https://www.hikasustravel.com/de/georgia/regions/racha-lechkhumi/askhi-massif/,https://www.hikasustravel.com/de/georgia/racha-lechkhumi/askhi-massif/,301,true
https://www.hikasustravel.com/de/georgia/regions/racha-lechkhumi/dekhviri-fortress/,https://www.hikasustravel.com/de/georgia/racha-lechkhumi/dekhviri-fortress/,301,true
https://www.hikasustravel.com/de/georgia/regions/kvemo-kartli/algeti-national-park/,https://www.hikasustravel.com/de/georgia/kvemo-kartli/algeti-national-park/,301,true
https://www.hikasustravel.com/de/georgia/regions/kvemo-kartli/birtvisi-fortress/,https://www.hikasustravel.com/de/georgia/kvemo-kartli/birtvisi-fortress/,301,true
https://www.hikasustravel.com/de/georgia/regions/kvemo-kartli/tsalka-dashbashi-canyon/,https://www.hikasustravel.com/de/georgia/kvemo-kartli/tsalka-dashbashi-canyon/,301,true
https://www.hikasustravel.com/de/georgia/regions/kakheti/ujarma-fortress/,https://www.hikasustravel.com/de/georgia/kakheti/ujarma-fortress/,301,true
https://www.hikasustravel.com/de/georgia/regions/kakheti/rtveli-georgian-grape-harvest/,https://www.hikasustravel.com/de/georgia/kakheti/rtveli-georgian-grape-harvest/,301,true
https://www.hikasustravel.com/de/georgia/regions/kakheti/pankisi-gorge/,https://www.hikasustravel.com/de/georgia/kakheti/pankisi-gorge/,301,true
https://www.hikasustravel.com/de/georgia/regions/kakheti/kvetera-fortress/,https://www.hikasustravel.com/de/georgia/kakheti/kvetera-fortress/,301,true
https://www.hikasustravel.com/de/georgia/regions/kakheti/lagodekhi-national-park/,https://www.hikasustravel.com/de/georgia/kakheti/lagodekhi-national-park/,301,true
https://www.hikasustravel.com/de/georgia/regions/kakheti/vashlovani-national-park/,https://www.hikasustravel.com/de/georgia/kakheti/vashlovani-national-park/,301,true
https://www.hikasustravel.com/de/georgia/regions/kakheti/gremi-archangels-complex/,https://www.hikasustravel.com/de/georgia/kakheti/gremi-archangels-complex/,301,true
https://www.hikasustravel.com/de/georgia/regions/kakheti/gombori-pass/,https://www.hikasustravel.com/de/georgia/kakheti/gombori-pass/,301,true
https://www.hikasustravel.com/de/georgia/regions/kakheti/david-gareja-monastery/,https://www.hikasustravel.com/de/georgia/kakheti/david-gareja-monastery/,301,true
https://www.hikasustravel.com/de/georgia/regions/guria/georgia-in-miniatures-shekvetili/,https://www.hikasustravel.com/de/georgia/guria/georgia-in-miniatures-shekvetili/,301,true
https://www.hikasustravel.com/de/georgia/regions/guria/musicians-park-shekvetili/,https://www.hikasustravel.com/de/georgia/guria/musicians-park-shekvetili/,301,true
https://www.hikasustravel.com/de/georgia/regions/guria/shekvetili-dendrological-park/,https://www.hikasustravel.com/de/georgia/guria/shekvetili-dendrological-park/,301,true
https://www.hikasustravel.com/de/georgia/regions/guria/shemokmedi-monastery/,https://www.hikasustravel.com/de/georgia/guria/shemokmedi-monastery/,301,true
https://www.hikasustravel.com/de/georgia/regions/guria/ureki-beach/,https://www.hikasustravel.com/de/georgia/guria/ureki-beach/,301,true
https://www.hikasustravel.com/de/georgia/regions/mtskheta-mtianeti/ananuri-fortress/,https://www.hikasustravel.com/de/georgia/mtskheta-mtianeti/ananuri-fortress/,301,true
https://www.hikasustravel.com/de/georgia/regions/shida-kartli/bateti-lake/,https://www.hikasustravel.com/de/georgia/shida-kartli/bateti-lake/,301,true
https://www.hikasustravel.com/de/georgia/regions/shida-kartli/kintsvisi-monastery/,https://www.hikasustravel.com/de/georgia/shida-kartli/kintsvisi-monastery/,301,true
https://www.hikasustravel.com/de/georgia/regions/shida-kartli/kvatakhevi-monastery/,https://www.hikasustravel.com/de/georgia/shida-kartli/kvatakhevi-monastery/,301,true
https://www.hikasustravel.com/de/georgia/regions/shida-kartli/samtavisi-cathedral/,https://www.hikasustravel.com/de/georgia/shida-kartli/samtavisi-cathedral/,301,true
https://www.hikasustravel.com/de/georgia/regions/imereti/prometheus-cave/,https://www.hikasustravel.com/de/georgia/imereti/prometheus-cave/,301,true
https://www.hikasustravel.com/de/georgia/regions/samtskhe-javakheti/vardzia/,https://www.hikasustravel.com/de/georgia/samtskhe-javakheti/vardzia/,301,true
https://www.hikasustravel.com/de/georgia/regions/samegrelo/nokalakevi/,https://www.hikasustravel.com/de/georgia/samegrelo/nokalakevi/,301,true
https://www.hikasustravel.com/de/georgia/regions/samegrelo/tobavarchkhili-lakes/,https://www.hikasustravel.com/de/georgia/samegrelo/tobavarchkhili-lakes/,301,true
https://www.hikasustravel.com/de/georgia/regions/samegrelo/paliastomi-lake-kolkheti-national-park/,https://www.hikasustravel.com/de/georgia/samegrelo/paliastomi-lake-kolkheti-national-park/,301,true
https://www.hikasustravel.com/de/georgia/regions/samegrelo/enguri-dam/,https://www.hikasustravel.com/de/georgia/samegrelo/enguri-dam/,301,true
https://www.hikasustravel.com/de/georgia/regions/samegrelo/intsra-waterfall/,https://www.hikasustravel.com/de/georgia/samegrelo/intsra-waterfall/,301,true
https://www.hikasustravel.com/de/georgia/regions/samegrelo/kolkheti-national-park/,https://www.hikasustravel.com/de/georgia/samegrelo/kolkheti-national-park/,301,true
https://www.hikasustravel.com/de/georgia/regions/svaneti/mount-ushba/,https://www.hikasustravel.com/de/georgia/svaneti/mount-ushba/,301,true
https://www.hikasustravel.com/de/georgia/regions/svaneti/svan-towers/,https://www.hikasustravel.com/de/georgia/svaneti/svan-towers/,301,true
https://www.hikasustravel.com/de/georgia/regions/samtskhe-javakheti/borjomi-kharagauli-national-park/,https://www.hikasustravel.com/de/georgia/samtskhe-javakheti/borjomi-kharagauli-national-park/,301,true
https://www.hikasustravel.com/de/georgia/regions/samtskhe-javakheti/khertvisi-fortress/,https://www.hikasustravel.com/de/georgia/samtskhe-javakheti/khertvisi-fortress/,301,true
https://www.hikasustravel.com/de/georgia/regions/samtskhe-javakheti/tmogvi-fortress/,https://www.hikasustravel.com/de/georgia/samtskhe-javakheti/tmogvi-fortress/,301,true
https://www.hikasustravel.com/de/georgia/regions/samtskhe-javakheti/lake-paravani/,https://www.hikasustravel.com/de/georgia/samtskhe-javakheti/lake-paravani/,301,true
https://www.hikasustravel.com/de/georgia/regions/samtskhe-javakheti/poka-nunnery/,https://www.hikasustravel.com/de/georgia/samtskhe-javakheti/poka-nunnery/,301,true
https://www.hikasustravel.com/de/georgia/regions/imereti/vani-archaeological-museum/,https://www.hikasustravel.com/de/georgia/imereti/vani-archaeological-museum/,301,true
https://www.hikasustravel.com/de/georgia/regions/imereti/ubisa-monastery/,https://www.hikasustravel.com/de/georgia/imereti/ubisa-monastery/,301,true
https://www.hikasustravel.com/de/georgia/regions/imereti/sataplia-nature-reserve/,https://www.hikasustravel.com/de/georgia/imereti/sataplia-nature-reserve/,301,true
https://www.hikasustravel.com/de/georgia/regions/imereti/okatse-kinchkha-waterfall/,https://www.hikasustravel.com/de/georgia/imereti/okatse-kinchkha-waterfall/,301,true
https://www.hikasustravel.com/de/georgia/racha-lechkhumi/khvanchkara-wine-monument/,https://www.hikasustravel.com/de/georgia/ambrolauri/khvanchkara-wine-monument/,301,true
https://www.hikasustravel.com/de/georgia/regions/racha-lechkhumi/khvanchkara-wine-monument/,https://www.hikasustravel.com/de/georgia/ambrolauri/khvanchkara-wine-monument/,301,true
https://www.hikasustravel.com/de/georgia/racha-lechkhumi/oni-synagogue/,https://www.hikasustravel.com/de/georgia/oni/oni-synagogue/,301,true
https://www.hikasustravel.com/de/georgia/regions/racha-lechkhumi/oni-synagogue/,https://www.hikasustravel.com/de/georgia/oni/oni-synagogue/,301,true
https://www.hikasustravel.com/de/georgia/kakheti/nekresi-monastery/,https://www.hikasustravel.com/de/georgia/kvareli/nekresi-monastery/,301,true
https://www.hikasustravel.com/de/georgia/regions/kakheti/nekresi-monastery/,https://www.hikasustravel.com/de/georgia/kvareli/nekresi-monastery/,301,true
https://www.hikasustravel.com/de/georgia/kakheti/gurjaani-kvelatsminda/,https://www.hikasustravel.com/de/georgia/gurjaani/gurjaani-kvelatsminda/,301,true
https://www.hikasustravel.com/de/georgia/regions/kakheti/gurjaani-kvelatsminda/,https://www.hikasustravel.com/de/georgia/gurjaani/gurjaani-kvelatsminda/,301,true
https://www.hikasustravel.com/de/georgia/shida-kartli/uplistsikhe/,https://www.hikasustravel.com/de/georgia/gori/uplistsikhe/,301,true
https://www.hikasustravel.com/de/georgia/regions/shida-kartli/uplistsikhe/,https://www.hikasustravel.com/de/georgia/gori/uplistsikhe/,301,true
https://www.hikasustravel.com/de/georgia/shida-kartli/ateni-sioni/,https://www.hikasustravel.com/de/georgia/gori/ateni-sioni/,301,true
https://www.hikasustravel.com/de/georgia/regions/shida-kartli/ateni-sioni/,https://www.hikasustravel.com/de/georgia/gori/ateni-sioni/,301,true
https://www.hikasustravel.com/de/georgia/samegrelo/martvili-canyon/,https://www.hikasustravel.com/de/georgia/martvili/martvili-canyon/,301,true
https://www.hikasustravel.com/de/georgia/regions/samegrelo/martvili-canyon/,https://www.hikasustravel.com/de/georgia/martvili/martvili-canyon/,301,true
https://www.hikasustravel.com/de/georgia/samegrelo/martvili-monastery/,https://www.hikasustravel.com/de/georgia/martvili/martvili-monastery/,301,true
https://www.hikasustravel.com/de/georgia/regions/samegrelo/martvili-monastery/,https://www.hikasustravel.com/de/georgia/martvili/martvili-monastery/,301,true
https://www.hikasustravel.com/de/georgia/samegrelo/dadiani-palace-museum/,https://www.hikasustravel.com/de/georgia/zugdidi/dadiani-palace-museum/,301,true
https://www.hikasustravel.com/de/georgia/regions/samegrelo/dadiani-palace-museum/,https://www.hikasustravel.com/de/georgia/zugdidi/dadiani-palace-museum/,301,true
https://www.hikasustravel.com/de/georgia/svaneti/chalaadi-glacier/,https://www.hikasustravel.com/de/georgia/mestia/chalaadi-glacier/,301,true
https://www.hikasustravel.com/de/georgia/regions/svaneti/chalaadi-glacier/,https://www.hikasustravel.com/de/georgia/mestia/chalaadi-glacier/,301,true
https://www.hikasustravel.com/de/georgia/svaneti/koruldi-lakes/,https://www.hikasustravel.com/de/georgia/mestia/koruldi-lakes/,301,true
https://www.hikasustravel.com/de/georgia/regions/svaneti/koruldi-lakes/,https://www.hikasustravel.com/de/georgia/mestia/koruldi-lakes/,301,true
https://www.hikasustravel.com/de/georgia/svaneti/tetnuldi-ski-resort/,https://www.hikasustravel.com/de/georgia/mestia/tetnuldi-ski-resort/,301,true
https://www.hikasustravel.com/de/georgia/regions/svaneti/tetnuldi-ski-resort/,https://www.hikasustravel.com/de/georgia/mestia/tetnuldi-ski-resort/,301,true
https://www.hikasustravel.com/de/georgia/svaneti/cross-over-mestia/,https://www.hikasustravel.com/de/georgia/mestia/cross-over-mestia/,301,true
https://www.hikasustravel.com/de/georgia/regions/svaneti/cross-over-mestia/,https://www.hikasustravel.com/de/georgia/mestia/cross-over-mestia/,301,true
https://www.hikasustravel.com/de/georgia/svaneti/shkhara-glacier/,https://www.hikasustravel.com/de/georgia/ushguli/shkhara-glacier/,301,true
https://www.hikasustravel.com/de/georgia/regions/svaneti/shkhara-glacier/,https://www.hikasustravel.com/de/georgia/ushguli/shkhara-glacier/,301,true
https://www.hikasustravel.com/de/georgia/imereti/katskhi-pillar/,https://www.hikasustravel.com/de/georgia/chiatura/katskhi-pillar/,301,true
https://www.hikasustravel.com/de/georgia/regions/imereti/katskhi-pillar/,https://www.hikasustravel.com/de/georgia/chiatura/katskhi-pillar/,301,true
https://www.hikasustravel.com/de/georgia/samtskhe-javakheti/abastumani-observatory/,https://www.hikasustravel.com/de/georgia/abastumani/abastumani-observatory/,301,true
https://www.hikasustravel.com/de/georgia/regions/samtskhe-javakheti/abastumani-observatory/,https://www.hikasustravel.com/de/georgia/abastumani/abastumani-observatory/,301,true
https://www.hikasustravel.com/de/georgia/samtskhe-javakheti/green-monastery/,https://www.hikasustravel.com/de/georgia/borjomi/green-monastery/,301,true
https://www.hikasustravel.com/de/georgia/regions/samtskhe-javakheti/green-monastery/,https://www.hikasustravel.com/de/georgia/borjomi/green-monastery/,301,true
https://www.hikasustravel.com/de/georgia/samtskhe-javakheti/sapara-monastery/,https://www.hikasustravel.com/de/georgia/akhaltsikhe/sapara-monastery/,301,true
https://www.hikasustravel.com/de/georgia/regions/samtskhe-javakheti/sapara-monastery/,https://www.hikasustravel.com/de/georgia/akhaltsikhe/sapara-monastery/,301,true
https://www.hikasustravel.com/de/georgia/samtskhe-javakheti/timotesubani-monastery/,https://www.hikasustravel.com/de/georgia/borjomi/timotesubani-monastery/,301,true
https://www.hikasustravel.com/de/georgia/regions/samtskhe-javakheti/timotesubani-monastery/,https://www.hikasustravel.com/de/georgia/borjomi/timotesubani-monastery/,301,true
https://www.hikasustravel.com/de/georgia/imereti/tetra-cave/,https://www.hikasustravel.com/de/georgia/tskaltubo/tetra-cave/,301,true
https://www.hikasustravel.com/de/georgia/regions/imereti/tetra-cave/,https://www.hikasustravel.com/de/georgia/tskaltubo/tetra-cave/,301,true
https://www.hikasustravel.com/de/georgia/imereti/mghvimevi-monastery/,https://www.hikasustravel.com/de/georgia/chiatura/mghvimevi-monastery/,301,true
https://www.hikasustravel.com/de/georgia/regions/imereti/mghvimevi-monastery/,https://www.hikasustravel.com/de/georgia/chiatura/mghvimevi-monastery/,301,true
https://www.hikasustravel.com/de/georgia/gudauri/russia-georgia-friendship-monument/,https://www.hikasustravel.com/de/georgia/gudauri/gudauri-panorama/,301,true
https://www.hikasustravel.com/de/georgia/kazbegi-stepantsminda/,https://www.hikasustravel.com/de/georgia/kazbegi/,301,true
https://www.hikasustravel.com/de/georgia/kazbegi-stepantsminda/things-to-do-in-kazbegi-stepantsminda/,https://www.hikasustravel.com/de/georgia/kazbegi/things-to-do-in-kazbegi/,301,true
https://www.hikasustravel.com/de/georgia/kazbegi-stepantsminda/gergeti-trinity-church/,https://www.hikasustravel.com/de/georgia/kazbegi/gergeti-trinity-church/,301,true
https://www.hikasustravel.com/de/georgia/kazbegi-stepantsminda/gveleti-waterfalls/,https://www.hikasustravel.com/de/georgia/kazbegi/gveleti-waterfalls/,301,true
https://www.hikasustravel.com/de/georgia/kazbegi-stepantsminda/juta/,https://www.hikasustravel.com/de/georgia/kazbegi/juta/,301,true
https://www.hikasustravel.com/de/georgia/kazbegi-stepantsminda/truso-valley/,https://www.hikasustravel.com/de/georgia/kazbegi/truso-valley/,301,true
https://www.hikasustravel.com/de/georgia/kazbegi-stepantsminda/arsha-waterfall/,https://www.hikasustravel.com/de/georgia/kazbegi/arsha-waterfall/,301,true
https://www.hikasustravel.com/de/georgia/kazbegi-stepantsminda/elia-hill-kazbegi/,https://www.hikasustravel.com/de/georgia/kazbegi/elia-hill-kazbegi/,301,true
https://www.hikasustravel.com/de/georgia/kazbegi-stepantsminda/gergeti-glacier/,https://www.hikasustravel.com/de/georgia/kazbegi/gergeti-glacier/,301,true
https://www.hikasustravel.com/de/private-tours/savor-the-flavors-of-kakheti-3-day-wine-and-culture-adventure/,https://www.hikasustravel.com/de/private-tours/3-day-kakheti-wine-and-food-tour-from-tbilisi/,301,true
https://www.hikasustravel.com/de/private-tours/experience-georgias-rich-culture-coastal-beauty-5-day-tour-from-tbilisi-to-batumi/,https://www.hikasustravel.com/de/private-tours/5-day-private-tour-from-tbilisi-to-batumi/,301,true
https://www.hikasustravel.com/de/private-tours/sulfur-baths-and-sipping-wine-5-days-of-georgian-delights/,https://www.hikasustravel.com/de/private-tours/5-day-georgia-private-tour-tbilisi-wine-and-sulfur-baths/,301,true
https://www.hikasustravel.com/de/private-tours/tbilisi-to-treasures-a-6-day-journey-through-georgias-icons-and-hidden-gems/,https://www.hikasustravel.com/de/private-tours/6-day-georgia-private-tour-highlights-from-tbilisi/,301,true
https://www.hikasustravel.com/de/private-tours/georgias-cultural-wonders-7-day-adventure-from-kutaisi-to-tbilisi-and-beyond/,https://www.hikasustravel.com/de/private-tours/7-day-georgia-cultural-tour-kutaisi-to-tbilisi/,301,true
https://www.hikasustravel.com/de/private-tours/experience-the-heart-of-georgia-8-day-journey-of-culture-nature-wine-tastings/,https://www.hikasustravel.com/de/private-tours/8-day-georgia-private-tour-culture-nature-and-wine/,301,true
https://www.hikasustravel.com/de/private-tours/immerse-yourself-in-georgia-8-day-cultural-and-adventure-journey-through-the-caucasus/,https://www.hikasustravel.com/de/private-tours/8-day-georgia-culture-and-adventure-tour/,301,true
https://www.hikasustravel.com/de/private-tours/ultimate-georgia-exploration-9-day-tour-from-kutaisi-to-tbilisi-and-hidden-gems/,https://www.hikasustravel.com/de/private-tours/9-day-georgia-private-tour-kutaisi-to-tbilisi/,301,true
https://www.hikasustravel.com/de/private-tours/wander-wonder-and-wine-9-days-of-georgias-best/,https://www.hikasustravel.com/de/private-tours/georgia-grand-tour-9-days-from-tbilisi-to-batumi/,301,true
https://www.hikasustravel.com/de/private-tours/wine-wonders-and-the-caucasus-a-9-day-adventure-in-georgia/,https://www.hikasustravel.com/de/private-tours/9-day-georgia-wine-and-adventure-tour/,301,true
https://www.hikasustravel.com/de/private-tours/13-day-georgia-grand-tour-culture-and-nature/,https://www.hikasustravel.com/de/private-tours/13-day-georgia-grand-tour-from-kutaisi-culture-and-nature/,301,true
https://www.hikasustravel.com/de/private-tours/grand-georgia-adventure-13-day-cultural-and-scenic-journey/,https://www.hikasustravel.com/de/private-tours/13-day-georgia-grand-tour-from-kutaisi-culture-and-nature/,301,true
https://www.hikasustravel.com/de/private-tours/georgia-on-my-mind-20-days-of-tasting-trekking-and-total-relaxation/,https://www.hikasustravel.com/de/private-tours/20-day-georgia-grand-tour-wine-hiking-and-culture/,301,true
https://www.hikasustravel.com/pl/destinations/,https://www.hikasustravel.com/pl/georgia/,301,true
https://www.hikasustravel.com/pl/destinations/regions/,https://www.hikasustravel.com/pl/georgia/regions/,301,true
https://www.hikasustravel.com/pl/destinations/cities/,https://www.hikasustravel.com/pl/georgia/cities/,301,true
https://www.hikasustravel.com/pl/destinations/places-to-visit/,https://www.hikasustravel.com/pl/georgia/places-to-visit/,301,true
https://www.hikasustravel.com/pl/destinations/cities/tbilisi/,https://www.hikasustravel.com/pl/georgia/tbilisi/,301,true
https://www.hikasustravel.com/pl/destinations/tbilisi/,https://www.hikasustravel.com/pl/georgia/tbilisi/,301,true
https://www.hikasustravel.com/pl/things-to-do-in-tbilisi/,https://www.hikasustravel.com/pl/georgia/tbilisi/things-to-do-in-tbilisi/,301,true
https://www.hikasustravel.com/pl/destinations/cities/akhaltsikhe/,https://www.hikasustravel.com/pl/georgia/akhaltsikhe/,301,true
https://www.hikasustravel.com/pl/destinations/akhaltsikhe/,https://www.hikasustravel.com/pl/georgia/akhaltsikhe/,301,true
https://www.hikasustravel.com/pl/things-to-do-in-akhaltsikhe/,https://www.hikasustravel.com/pl/georgia/akhaltsikhe/things-to-do-in-akhaltsikhe/,301,true
https://www.hikasustravel.com/pl/destinations/cities/ambrolauri/,https://www.hikasustravel.com/pl/georgia/ambrolauri/,301,true
https://www.hikasustravel.com/pl/destinations/ambrolauri/,https://www.hikasustravel.com/pl/georgia/ambrolauri/,301,true
https://www.hikasustravel.com/pl/things-to-do-in-ambrolauri/,https://www.hikasustravel.com/pl/georgia/ambrolauri/things-to-do-in-ambrolauri/,301,true
https://www.hikasustravel.com/pl/destinations/cities/bakuriani/,https://www.hikasustravel.com/pl/georgia/bakuriani/,301,true
https://www.hikasustravel.com/pl/destinations/bakuriani/,https://www.hikasustravel.com/pl/georgia/bakuriani/,301,true
https://www.hikasustravel.com/pl/things-to-do-in-bakuriani/,https://www.hikasustravel.com/pl/georgia/bakuriani/things-to-do-in-bakuriani/,301,true
https://www.hikasustravel.com/pl/destinations/cities/bakhmaro/,https://www.hikasustravel.com/pl/georgia/bakhmaro/,301,true
https://www.hikasustravel.com/pl/destinations/bakhmaro/,https://www.hikasustravel.com/pl/georgia/bakhmaro/,301,true
https://www.hikasustravel.com/pl/destinations/cities/gomismta/,https://www.hikasustravel.com/pl/georgia/gomismta/,301,true
https://www.hikasustravel.com/pl/destinations/gomismta/,https://www.hikasustravel.com/pl/georgia/gomismta/,301,true
https://www.hikasustravel.com/pl/destinations/cities/kutaisi/,https://www.hikasustravel.com/pl/georgia/kutaisi/,301,true
https://www.hikasustravel.com/pl/destinations/kutaisi/,https://www.hikasustravel.com/pl/georgia/kutaisi/,301,true
https://www.hikasustravel.com/pl/things-to-do-in-kutaisi/,https://www.hikasustravel.com/pl/georgia/kutaisi/things-to-do-in-kutaisi/,301,true
https://www.hikasustravel.com/pl/destinations/cities/tskaltubo/,https://www.hikasustravel.com/pl/georgia/tskaltubo/,301,true
https://www.hikasustravel.com/pl/destinations/tskaltubo/,https://www.hikasustravel.com/pl/georgia/tskaltubo/,301,true
https://www.hikasustravel.com/pl/things-to-do-in-tskaltubo/,https://www.hikasustravel.com/pl/georgia/tskaltubo/things-to-do-in-tskaltubo/,301,true
https://www.hikasustravel.com/pl/destinations/cities/chiatura/,https://www.hikasustravel.com/pl/georgia/chiatura/,301,true
https://www.hikasustravel.com/pl/destinations/chiatura/,https://www.hikasustravel.com/pl/georgia/chiatura/,301,true
https://www.hikasustravel.com/pl/things-to-do-in-chiatura/,https://www.hikasustravel.com/pl/georgia/chiatura/things-to-do-in-chiatura/,301,true
https://www.hikasustravel.com/pl/destinations/cities/batumi/,https://www.hikasustravel.com/pl/georgia/batumi/,301,true
https://www.hikasustravel.com/pl/destinations/batumi/,https://www.hikasustravel.com/pl/georgia/batumi/,301,true
https://www.hikasustravel.com/pl/things-to-do-in-batumi/,https://www.hikasustravel.com/pl/georgia/batumi/things-to-do-in-batumi/,301,true
https://www.hikasustravel.com/pl/destinations/cities/mtskheta/,https://www.hikasustravel.com/pl/georgia/mtskheta/,301,true
https://www.hikasustravel.com/pl/destinations/mtskheta/,https://www.hikasustravel.com/pl/georgia/mtskheta/,301,true
https://www.hikasustravel.com/pl/things-to-do-in-mtskheta/,https://www.hikasustravel.com/pl/georgia/mtskheta/things-to-do-in-mtskheta/,301,true
https://www.hikasustravel.com/pl/destinations/cities/ushguli/,https://www.hikasustravel.com/pl/georgia/ushguli/,301,true
https://www.hikasustravel.com/pl/destinations/ushguli/,https://www.hikasustravel.com/pl/georgia/ushguli/,301,true
https://www.hikasustravel.com/pl/things-to-do-in-ushguli/,https://www.hikasustravel.com/pl/georgia/ushguli/things-to-do-in-ushguli/,301,true
https://www.hikasustravel.com/pl/destinations/cities/mestia/,https://www.hikasustravel.com/pl/georgia/mestia/,301,true
https://www.hikasustravel.com/pl/destinations/mestia/,https://www.hikasustravel.com/pl/georgia/mestia/,301,true
https://www.hikasustravel.com/pl/things-to-do-in-mestia/,https://www.hikasustravel.com/pl/georgia/mestia/things-to-do-in-mestia/,301,true
https://www.hikasustravel.com/pl/destinations/cities/zugdidi/,https://www.hikasustravel.com/pl/georgia/zugdidi/,301,true
https://www.hikasustravel.com/pl/destinations/zugdidi/,https://www.hikasustravel.com/pl/georgia/zugdidi/,301,true
https://www.hikasustravel.com/pl/things-to-do-in-zugdidi/,https://www.hikasustravel.com/pl/georgia/zugdidi/things-to-do-in-zugdidi/,301,true
https://www.hikasustravel.com/pl/destinations/cities/martvili/,https://www.hikasustravel.com/pl/georgia/martvili/,301,true
https://www.hikasustravel.com/pl/destinations/martvili/,https://www.hikasustravel.com/pl/georgia/martvili/,301,true
https://www.hikasustravel.com/pl/things-to-do-in-martvili/,https://www.hikasustravel.com/pl/georgia/martvili/things-to-do-in-martvili/,301,true
https://www.hikasustravel.com/pl/destinations/cities/telavi/,https://www.hikasustravel.com/pl/georgia/telavi/,301,true
https://www.hikasustravel.com/pl/destinations/telavi/,https://www.hikasustravel.com/pl/georgia/telavi/,301,true
https://www.hikasustravel.com/pl/things-to-do-in-telavi/,https://www.hikasustravel.com/pl/georgia/telavi/things-to-do-in-telavi/,301,true
https://www.hikasustravel.com/pl/destinations/cities/oni/,https://www.hikasustravel.com/pl/georgia/oni/,301,true
https://www.hikasustravel.com/pl/destinations/oni/,https://www.hikasustravel.com/pl/georgia/oni/,301,true
https://www.hikasustravel.com/pl/things-to-do-in-oni/,https://www.hikasustravel.com/pl/georgia/oni/things-to-do-in-oni/,301,true
https://www.hikasustravel.com/pl/destinations/cities/gurjaani/,https://www.hikasustravel.com/pl/georgia/gurjaani/,301,true
https://www.hikasustravel.com/pl/destinations/gurjaani/,https://www.hikasustravel.com/pl/georgia/gurjaani/,301,true
https://www.hikasustravel.com/pl/things-to-do-in-gurjaani/,https://www.hikasustravel.com/pl/georgia/gurjaani/things-to-do-in-gurjaani/,301,true
https://www.hikasustravel.com/pl/destinations/cities/sighnaghi/,https://www.hikasustravel.com/pl/georgia/sighnaghi/,301,true
https://www.hikasustravel.com/pl/destinations/sighnaghi/,https://www.hikasustravel.com/pl/georgia/sighnaghi/,301,true
https://www.hikasustravel.com/pl/things-to-do-in-sighnaghi/,https://www.hikasustravel.com/pl/georgia/sighnaghi/things-to-do-in-sighnaghi/,301,true
https://www.hikasustravel.com/pl/destinations/cities/rustavi/,https://www.hikasustravel.com/pl/georgia/rustavi/,301,true
https://www.hikasustravel.com/pl/destinations/rustavi/,https://www.hikasustravel.com/pl/georgia/rustavi/,301,true
https://www.hikasustravel.com/pl/things-to-do-in-rustavi/,https://www.hikasustravel.com/pl/georgia/rustavi/things-to-do-in-rustavi/,301,true
https://www.hikasustravel.com/pl/destinations/cities/kvareli/,https://www.hikasustravel.com/pl/georgia/kvareli/,301,true
https://www.hikasustravel.com/pl/destinations/kvareli/,https://www.hikasustravel.com/pl/georgia/kvareli/,301,true
https://www.hikasustravel.com/pl/things-to-do-in-kvareli/,https://www.hikasustravel.com/pl/georgia/kvareli/things-to-do-in-kvareli/,301,true
https://www.hikasustravel.com/pl/destinations/cities/gori/,https://www.hikasustravel.com/pl/georgia/gori/,301,true
https://www.hikasustravel.com/pl/destinations/gori/,https://www.hikasustravel.com/pl/georgia/gori/,301,true
https://www.hikasustravel.com/pl/things-to-do-in-gori/,https://www.hikasustravel.com/pl/georgia/gori/things-to-do-in-gori/,301,true
https://www.hikasustravel.com/pl/destinations/cities/borjomi/,https://www.hikasustravel.com/pl/georgia/borjomi/,301,true
https://www.hikasustravel.com/pl/destinations/borjomi/,https://www.hikasustravel.com/pl/georgia/borjomi/,301,true
https://www.hikasustravel.com/pl/things-to-do-in-borjomi/,https://www.hikasustravel.com/pl/georgia/borjomi/things-to-do-in-borjomi/,301,true
https://www.hikasustravel.com/pl/destinations/cities/kazbegi/,https://www.hikasustravel.com/pl/georgia/kazbegi/,301,true
https://www.hikasustravel.com/pl/destinations/kazbegi/,https://www.hikasustravel.com/pl/georgia/kazbegi/,301,true
https://www.hikasustravel.com/pl/things-to-do-in-kazbegi/,https://www.hikasustravel.com/pl/georgia/kazbegi/things-to-do-in-kazbegi/,301,true
https://www.hikasustravel.com/pl/destinations/cities/gudauri/,https://www.hikasustravel.com/pl/georgia/gudauri/,301,true
https://www.hikasustravel.com/pl/destinations/gudauri/,https://www.hikasustravel.com/pl/georgia/gudauri/,301,true
https://www.hikasustravel.com/pl/things-to-do-in-gudauri/,https://www.hikasustravel.com/pl/georgia/gudauri/things-to-do-in-gudauri/,301,true
https://www.hikasustravel.com/pl/destinations/cities/dmanisi/,https://www.hikasustravel.com/pl/georgia/dmanisi/,301,true
https://www.hikasustravel.com/pl/destinations/dmanisi/,https://www.hikasustravel.com/pl/georgia/dmanisi/,301,true
https://www.hikasustravel.com/pl/things-to-do-in-dmanisi/,https://www.hikasustravel.com/pl/georgia/dmanisi/things-to-do-in-dmanisi/,301,true
https://www.hikasustravel.com/pl/destinations/cities/bolnisi/,https://www.hikasustravel.com/pl/georgia/bolnisi/,301,true
https://www.hikasustravel.com/pl/destinations/bolnisi/,https://www.hikasustravel.com/pl/georgia/bolnisi/,301,true
https://www.hikasustravel.com/pl/things-to-do-in-bolnisi/,https://www.hikasustravel.com/pl/georgia/bolnisi/things-to-do-in-bolnisi/,301,true
https://www.hikasustravel.com/pl/destinations/regions/adjara/,https://www.hikasustravel.com/pl/georgia/regions/adjara/,301,true
https://www.hikasustravel.com/pl/things-to-do-in-adjara/,https://www.hikasustravel.com/pl/georgia/adjara/things-to-do-in-adjara/,301,true
https://www.hikasustravel.com/pl/destinations/regions/guria/,https://www.hikasustravel.com/pl/georgia/regions/guria/,301,true
https://www.hikasustravel.com/pl/things-to-do-in-guria/,https://www.hikasustravel.com/pl/georgia/guria/things-to-do-in-guria/,301,true
https://www.hikasustravel.com/pl/destinations/regions/imereti/,https://www.hikasustravel.com/pl/georgia/regions/imereti/,301,true
https://www.hikasustravel.com/pl/things-to-do-in-imereti/,https://www.hikasustravel.com/pl/georgia/imereti/things-to-do-in-imereti/,301,true
https://www.hikasustravel.com/pl/destinations/regions/kakheti/,https://www.hikasustravel.com/pl/georgia/regions/kakheti/,301,true
https://www.hikasustravel.com/pl/things-to-do-in-kakheti/,https://www.hikasustravel.com/pl/georgia/kakheti/things-to-do-in-kakheti/,301,true
https://www.hikasustravel.com/pl/destinations/regions/kvemo-kartli/,https://www.hikasustravel.com/pl/georgia/regions/kvemo-kartli/,301,true
https://www.hikasustravel.com/pl/things-to-do-in-kvemo-kartli/,https://www.hikasustravel.com/pl/georgia/kvemo-kartli/things-to-do-in-kvemo-kartli/,301,true
https://www.hikasustravel.com/pl/destinations/regions/lechkhumi/,https://www.hikasustravel.com/pl/georgia/regions/lechkhumi/,301,true
https://www.hikasustravel.com/pl/things-to-do-in-lechkhumi/,https://www.hikasustravel.com/pl/georgia/lechkhumi/things-to-do-in-lechkhumi/,301,true
https://www.hikasustravel.com/pl/destinations/regions/mtskheta-mtianeti/,https://www.hikasustravel.com/pl/georgia/regions/mtskheta-mtianeti/,301,true
https://www.hikasustravel.com/pl/things-to-do-in-mtskheta-mtianeti/,https://www.hikasustravel.com/pl/georgia/mtskheta-mtianeti/things-to-do-in-mtskheta-mtianeti/,301,true
https://www.hikasustravel.com/pl/destinations/regions/racha/,https://www.hikasustravel.com/pl/georgia/regions/racha/,301,true
https://www.hikasustravel.com/pl/things-to-do-in-racha/,https://www.hikasustravel.com/pl/georgia/racha/things-to-do-in-racha/,301,true
https://www.hikasustravel.com/pl/destinations/regions/samegrelo/,https://www.hikasustravel.com/pl/georgia/regions/samegrelo/,301,true
https://www.hikasustravel.com/pl/things-to-do-in-samegrelo/,https://www.hikasustravel.com/pl/georgia/samegrelo/things-to-do-in-samegrelo/,301,true
https://www.hikasustravel.com/pl/destinations/regions/samtskhe-javakheti/,https://www.hikasustravel.com/pl/georgia/regions/samtskhe-javakheti/,301,true
https://www.hikasustravel.com/pl/things-to-do-in-samtskhe-javakheti/,https://www.hikasustravel.com/pl/georgia/samtskhe-javakheti/things-to-do-in-samtskhe-javakheti/,301,true
https://www.hikasustravel.com/pl/destinations/regions/shida-kartli/,https://www.hikasustravel.com/pl/georgia/regions/shida-kartli/,301,true
https://www.hikasustravel.com/pl/things-to-do-in-shida-kartli/,https://www.hikasustravel.com/pl/georgia/shida-kartli/things-to-do-in-shida-kartli/,301,true
https://www.hikasustravel.com/pl/destinations/regions/svaneti/,https://www.hikasustravel.com/pl/georgia/regions/svaneti/,301,true
https://www.hikasustravel.com/pl/things-to-do-in-svaneti/,https://www.hikasustravel.com/pl/georgia/svaneti/things-to-do-in-svaneti/,301,true
https://www.hikasustravel.com/pl/georgia/regions/racha-lechkhumi/tsageri-history-museum/,https://www.hikasustravel.com/pl/georgia/racha-lechkhumi/tsageri-history-museum/,301,true
https://www.hikasustravel.com/pl/georgia/regions/racha-lechkhumi/sairme-pillars/,https://www.hikasustravel.com/pl/georgia/racha-lechkhumi/sairme-pillars/,301,true
https://www.hikasustravel.com/pl/georgia/regions/racha-lechkhumi/rachkha-waterfall/,https://www.hikasustravel.com/pl/georgia/racha-lechkhumi/rachkha-waterfall/,301,true
https://www.hikasustravel.com/pl/georgia/regions/racha-lechkhumi/verdzistava-waterfall/,https://www.hikasustravel.com/pl/georgia/racha-lechkhumi/verdzistava-waterfall/,301,true
https://www.hikasustravel.com/pl/georgia/regions/racha-lechkhumi/zubi-fortress/,https://www.hikasustravel.com/pl/georgia/racha-lechkhumi/zubi-fortress/,301,true
https://www.hikasustravel.com/pl/georgia/regions/racha-lechkhumi/orbeli-fortress/,https://www.hikasustravel.com/pl/georgia/racha-lechkhumi/orbeli-fortress/,301,true
https://www.hikasustravel.com/pl/georgia/regions/racha-lechkhumi/lailashi-pool-okronishi/,https://www.hikasustravel.com/pl/georgia/racha-lechkhumi/lailashi-pool-okronishi/,301,true
https://www.hikasustravel.com/pl/georgia/regions/racha-lechkhumi/kulbaki-lakes/,https://www.hikasustravel.com/pl/georgia/racha-lechkhumi/kulbaki-lakes/,301,true
https://www.hikasustravel.com/pl/georgia/regions/racha-lechkhumi/cholevi-lake/,https://www.hikasustravel.com/pl/georgia/racha-lechkhumi/cholevi-lake/,301,true
https://www.hikasustravel.com/pl/georgia/regions/racha-lechkhumi/love-waterfall/,https://www.hikasustravel.com/pl/georgia/racha-lechkhumi/love-waterfall/,301,true
https://www.hikasustravel.com/pl/georgia/regions/racha-lechkhumi/minda-fortress/,https://www.hikasustravel.com/pl/georgia/racha-lechkhumi/minda-fortress/,301,true
https://www.hikasustravel.com/pl/georgia/regions/racha-lechkhumi/nikortsminda-cathedral/,https://www.hikasustravel.com/pl/georgia/racha-lechkhumi/nikortsminda-cathedral/,301,true
https://www.hikasustravel.com/pl/georgia/regions/racha-lechkhumi/shaori-lake/,https://www.hikasustravel.com/pl/georgia/racha-lechkhumi/shaori-lake/,301,true
https://www.hikasustravel.com/pl/georgia/regions/racha-lechkhumi/udziro-lake/,https://www.hikasustravel.com/pl/georgia/racha-lechkhumi/udziro-lake/,301,true
https://www.hikasustravel.com/pl/georgia/regions/racha-lechkhumi/khvamli-mountain/,https://www.hikasustravel.com/pl/georgia/racha-lechkhumi/khvamli-mountain/,301,true
https://www.hikasustravel.com/pl/georgia/regions/racha-lechkhumi/ghvirishi-waterfall/,https://www.hikasustravel.com/pl/georgia/racha-lechkhumi/ghvirishi-waterfall/,301,true
https://www.hikasustravel.com/pl/georgia/regions/racha-lechkhumi/askhi-massif/,https://www.hikasustravel.com/pl/georgia/racha-lechkhumi/askhi-massif/,301,true
https://www.hikasustravel.com/pl/georgia/regions/racha-lechkhumi/dekhviri-fortress/,https://www.hikasustravel.com/pl/georgia/racha-lechkhumi/dekhviri-fortress/,301,true
https://www.hikasustravel.com/pl/georgia/regions/kvemo-kartli/algeti-national-park/,https://www.hikasustravel.com/pl/georgia/kvemo-kartli/algeti-national-park/,301,true
https://www.hikasustravel.com/pl/georgia/regions/kvemo-kartli/birtvisi-fortress/,https://www.hikasustravel.com/pl/georgia/kvemo-kartli/birtvisi-fortress/,301,true
https://www.hikasustravel.com/pl/georgia/regions/kvemo-kartli/tsalka-dashbashi-canyon/,https://www.hikasustravel.com/pl/georgia/kvemo-kartli/tsalka-dashbashi-canyon/,301,true
https://www.hikasustravel.com/pl/georgia/regions/kakheti/ujarma-fortress/,https://www.hikasustravel.com/pl/georgia/kakheti/ujarma-fortress/,301,true
https://www.hikasustravel.com/pl/georgia/regions/kakheti/rtveli-georgian-grape-harvest/,https://www.hikasustravel.com/pl/georgia/kakheti/rtveli-georgian-grape-harvest/,301,true
https://www.hikasustravel.com/pl/georgia/regions/kakheti/pankisi-gorge/,https://www.hikasustravel.com/pl/georgia/kakheti/pankisi-gorge/,301,true
https://www.hikasustravel.com/pl/georgia/regions/kakheti/kvetera-fortress/,https://www.hikasustravel.com/pl/georgia/kakheti/kvetera-fortress/,301,true
https://www.hikasustravel.com/pl/georgia/regions/kakheti/lagodekhi-national-park/,https://www.hikasustravel.com/pl/georgia/kakheti/lagodekhi-national-park/,301,true
https://www.hikasustravel.com/pl/georgia/regions/kakheti/vashlovani-national-park/,https://www.hikasustravel.com/pl/georgia/kakheti/vashlovani-national-park/,301,true
https://www.hikasustravel.com/pl/georgia/regions/kakheti/gremi-archangels-complex/,https://www.hikasustravel.com/pl/georgia/kakheti/gremi-archangels-complex/,301,true
https://www.hikasustravel.com/pl/georgia/regions/kakheti/gombori-pass/,https://www.hikasustravel.com/pl/georgia/kakheti/gombori-pass/,301,true
https://www.hikasustravel.com/pl/georgia/regions/kakheti/david-gareja-monastery/,https://www.hikasustravel.com/pl/georgia/kakheti/david-gareja-monastery/,301,true
https://www.hikasustravel.com/pl/georgia/regions/guria/georgia-in-miniatures-shekvetili/,https://www.hikasustravel.com/pl/georgia/guria/georgia-in-miniatures-shekvetili/,301,true
https://www.hikasustravel.com/pl/georgia/regions/guria/musicians-park-shekvetili/,https://www.hikasustravel.com/pl/georgia/guria/musicians-park-shekvetili/,301,true
https://www.hikasustravel.com/pl/georgia/regions/guria/shekvetili-dendrological-park/,https://www.hikasustravel.com/pl/georgia/guria/shekvetili-dendrological-park/,301,true
https://www.hikasustravel.com/pl/georgia/regions/guria/shemokmedi-monastery/,https://www.hikasustravel.com/pl/georgia/guria/shemokmedi-monastery/,301,true
https://www.hikasustravel.com/pl/georgia/regions/guria/ureki-beach/,https://www.hikasustravel.com/pl/georgia/guria/ureki-beach/,301,true
https://www.hikasustravel.com/pl/georgia/regions/mtskheta-mtianeti/ananuri-fortress/,https://www.hikasustravel.com/pl/georgia/mtskheta-mtianeti/ananuri-fortress/,301,true
https://www.hikasustravel.com/pl/georgia/regions/shida-kartli/bateti-lake/,https://www.hikasustravel.com/pl/georgia/shida-kartli/bateti-lake/,301,true
https://www.hikasustravel.com/pl/georgia/regions/shida-kartli/kintsvisi-monastery/,https://www.hikasustravel.com/pl/georgia/shida-kartli/kintsvisi-monastery/,301,true
https://www.hikasustravel.com/pl/georgia/regions/shida-kartli/kvatakhevi-monastery/,https://www.hikasustravel.com/pl/georgia/shida-kartli/kvatakhevi-monastery/,301,true
https://www.hikasustravel.com/pl/georgia/regions/shida-kartli/samtavisi-cathedral/,https://www.hikasustravel.com/pl/georgia/shida-kartli/samtavisi-cathedral/,301,true
https://www.hikasustravel.com/pl/georgia/regions/imereti/prometheus-cave/,https://www.hikasustravel.com/pl/georgia/imereti/prometheus-cave/,301,true
https://www.hikasustravel.com/pl/georgia/regions/samtskhe-javakheti/vardzia/,https://www.hikasustravel.com/pl/georgia/samtskhe-javakheti/vardzia/,301,true
https://www.hikasustravel.com/pl/georgia/regions/samegrelo/nokalakevi/,https://www.hikasustravel.com/pl/georgia/samegrelo/nokalakevi/,301,true
https://www.hikasustravel.com/pl/georgia/regions/samegrelo/tobavarchkhili-lakes/,https://www.hikasustravel.com/pl/georgia/samegrelo/tobavarchkhili-lakes/,301,true
https://www.hikasustravel.com/pl/georgia/regions/samegrelo/paliastomi-lake-kolkheti-national-park/,https://www.hikasustravel.com/pl/georgia/samegrelo/paliastomi-lake-kolkheti-national-park/,301,true
https://www.hikasustravel.com/pl/georgia/regions/samegrelo/enguri-dam/,https://www.hikasustravel.com/pl/georgia/samegrelo/enguri-dam/,301,true
https://www.hikasustravel.com/pl/georgia/regions/samegrelo/intsra-waterfall/,https://www.hikasustravel.com/pl/georgia/samegrelo/intsra-waterfall/,301,true
https://www.hikasustravel.com/pl/georgia/regions/samegrelo/kolkheti-national-park/,https://www.hikasustravel.com/pl/georgia/samegrelo/kolkheti-national-park/,301,true
https://www.hikasustravel.com/pl/georgia/regions/svaneti/mount-ushba/,https://www.hikasustravel.com/pl/georgia/svaneti/mount-ushba/,301,true
https://www.hikasustravel.com/pl/georgia/regions/svaneti/svan-towers/,https://www.hikasustravel.com/pl/georgia/svaneti/svan-towers/,301,true
https://www.hikasustravel.com/pl/georgia/regions/samtskhe-javakheti/borjomi-kharagauli-national-park/,https://www.hikasustravel.com/pl/georgia/samtskhe-javakheti/borjomi-kharagauli-national-park/,301,true
https://www.hikasustravel.com/pl/georgia/regions/samtskhe-javakheti/khertvisi-fortress/,https://www.hikasustravel.com/pl/georgia/samtskhe-javakheti/khertvisi-fortress/,301,true
https://www.hikasustravel.com/pl/georgia/regions/samtskhe-javakheti/tmogvi-fortress/,https://www.hikasustravel.com/pl/georgia/samtskhe-javakheti/tmogvi-fortress/,301,true
https://www.hikasustravel.com/pl/georgia/regions/samtskhe-javakheti/lake-paravani/,https://www.hikasustravel.com/pl/georgia/samtskhe-javakheti/lake-paravani/,301,true
https://www.hikasustravel.com/pl/georgia/regions/samtskhe-javakheti/poka-nunnery/,https://www.hikasustravel.com/pl/georgia/samtskhe-javakheti/poka-nunnery/,301,true
https://www.hikasustravel.com/pl/georgia/regions/imereti/vani-archaeological-museum/,https://www.hikasustravel.com/pl/georgia/imereti/vani-archaeological-museum/,301,true
https://www.hikasustravel.com/pl/georgia/regions/imereti/ubisa-monastery/,https://www.hikasustravel.com/pl/georgia/imereti/ubisa-monastery/,301,true
https://www.hikasustravel.com/pl/georgia/regions/imereti/sataplia-nature-reserve/,https://www.hikasustravel.com/pl/georgia/imereti/sataplia-nature-reserve/,301,true
https://www.hikasustravel.com/pl/georgia/regions/imereti/okatse-kinchkha-waterfall/,https://www.hikasustravel.com/pl/georgia/imereti/okatse-kinchkha-waterfall/,301,true
https://www.hikasustravel.com/pl/georgia/racha-lechkhumi/khvanchkara-wine-monument/,https://www.hikasustravel.com/pl/georgia/ambrolauri/khvanchkara-wine-monument/,301,true
https://www.hikasustravel.com/pl/georgia/regions/racha-lechkhumi/khvanchkara-wine-monument/,https://www.hikasustravel.com/pl/georgia/ambrolauri/khvanchkara-wine-monument/,301,true
https://www.hikasustravel.com/pl/georgia/racha-lechkhumi/oni-synagogue/,https://www.hikasustravel.com/pl/georgia/oni/oni-synagogue/,301,true
https://www.hikasustravel.com/pl/georgia/regions/racha-lechkhumi/oni-synagogue/,https://www.hikasustravel.com/pl/georgia/oni/oni-synagogue/,301,true
https://www.hikasustravel.com/pl/georgia/kakheti/nekresi-monastery/,https://www.hikasustravel.com/pl/georgia/kvareli/nekresi-monastery/,301,true
https://www.hikasustravel.com/pl/georgia/regions/kakheti/nekresi-monastery/,https://www.hikasustravel.com/pl/georgia/kvareli/nekresi-monastery/,301,true
https://www.hikasustravel.com/pl/georgia/kakheti/gurjaani-kvelatsminda/,https://www.hikasustravel.com/pl/georgia/gurjaani/gurjaani-kvelatsminda/,301,true
https://www.hikasustravel.com/pl/georgia/regions/kakheti/gurjaani-kvelatsminda/,https://www.hikasustravel.com/pl/georgia/gurjaani/gurjaani-kvelatsminda/,301,true
https://www.hikasustravel.com/pl/georgia/shida-kartli/uplistsikhe/,https://www.hikasustravel.com/pl/georgia/gori/uplistsikhe/,301,true
https://www.hikasustravel.com/pl/georgia/regions/shida-kartli/uplistsikhe/,https://www.hikasustravel.com/pl/georgia/gori/uplistsikhe/,301,true
https://www.hikasustravel.com/pl/georgia/shida-kartli/ateni-sioni/,https://www.hikasustravel.com/pl/georgia/gori/ateni-sioni/,301,true
https://www.hikasustravel.com/pl/georgia/regions/shida-kartli/ateni-sioni/,https://www.hikasustravel.com/pl/georgia/gori/ateni-sioni/,301,true
https://www.hikasustravel.com/pl/georgia/samegrelo/martvili-canyon/,https://www.hikasustravel.com/pl/georgia/martvili/martvili-canyon/,301,true
https://www.hikasustravel.com/pl/georgia/regions/samegrelo/martvili-canyon/,https://www.hikasustravel.com/pl/georgia/martvili/martvili-canyon/,301,true
https://www.hikasustravel.com/pl/georgia/samegrelo/martvili-monastery/,https://www.hikasustravel.com/pl/georgia/martvili/martvili-monastery/,301,true
https://www.hikasustravel.com/pl/georgia/regions/samegrelo/martvili-monastery/,https://www.hikasustravel.com/pl/georgia/martvili/martvili-monastery/,301,true
https://www.hikasustravel.com/pl/georgia/samegrelo/dadiani-palace-museum/,https://www.hikasustravel.com/pl/georgia/zugdidi/dadiani-palace-museum/,301,true
https://www.hikasustravel.com/pl/georgia/regions/samegrelo/dadiani-palace-museum/,https://www.hikasustravel.com/pl/georgia/zugdidi/dadiani-palace-museum/,301,true
https://www.hikasustravel.com/pl/georgia/svaneti/chalaadi-glacier/,https://www.hikasustravel.com/pl/georgia/mestia/chalaadi-glacier/,301,true
https://www.hikasustravel.com/pl/georgia/regions/svaneti/chalaadi-glacier/,https://www.hikasustravel.com/pl/georgia/mestia/chalaadi-glacier/,301,true
https://www.hikasustravel.com/pl/georgia/svaneti/koruldi-lakes/,https://www.hikasustravel.com/pl/georgia/mestia/koruldi-lakes/,301,true
https://www.hikasustravel.com/pl/georgia/regions/svaneti/koruldi-lakes/,https://www.hikasustravel.com/pl/georgia/mestia/koruldi-lakes/,301,true
https://www.hikasustravel.com/pl/georgia/svaneti/tetnuldi-ski-resort/,https://www.hikasustravel.com/pl/georgia/mestia/tetnuldi-ski-resort/,301,true
https://www.hikasustravel.com/pl/georgia/regions/svaneti/tetnuldi-ski-resort/,https://www.hikasustravel.com/pl/georgia/mestia/tetnuldi-ski-resort/,301,true
https://www.hikasustravel.com/pl/georgia/svaneti/cross-over-mestia/,https://www.hikasustravel.com/pl/georgia/mestia/cross-over-mestia/,301,true
https://www.hikasustravel.com/pl/georgia/regions/svaneti/cross-over-mestia/,https://www.hikasustravel.com/pl/georgia/mestia/cross-over-mestia/,301,true
https://www.hikasustravel.com/pl/georgia/svaneti/shkhara-glacier/,https://www.hikasustravel.com/pl/georgia/ushguli/shkhara-glacier/,301,true
https://www.hikasustravel.com/pl/georgia/regions/svaneti/shkhara-glacier/,https://www.hikasustravel.com/pl/georgia/ushguli/shkhara-glacier/,301,true
https://www.hikasustravel.com/pl/georgia/imereti/katskhi-pillar/,https://www.hikasustravel.com/pl/georgia/chiatura/katskhi-pillar/,301,true
https://www.hikasustravel.com/pl/georgia/regions/imereti/katskhi-pillar/,https://www.hikasustravel.com/pl/georgia/chiatura/katskhi-pillar/,301,true
https://www.hikasustravel.com/pl/georgia/samtskhe-javakheti/abastumani-observatory/,https://www.hikasustravel.com/pl/georgia/abastumani/abastumani-observatory/,301,true
https://www.hikasustravel.com/pl/georgia/regions/samtskhe-javakheti/abastumani-observatory/,https://www.hikasustravel.com/pl/georgia/abastumani/abastumani-observatory/,301,true
https://www.hikasustravel.com/pl/georgia/samtskhe-javakheti/green-monastery/,https://www.hikasustravel.com/pl/georgia/borjomi/green-monastery/,301,true
https://www.hikasustravel.com/pl/georgia/regions/samtskhe-javakheti/green-monastery/,https://www.hikasustravel.com/pl/georgia/borjomi/green-monastery/,301,true
https://www.hikasustravel.com/pl/georgia/samtskhe-javakheti/sapara-monastery/,https://www.hikasustravel.com/pl/georgia/akhaltsikhe/sapara-monastery/,301,true
https://www.hikasustravel.com/pl/georgia/regions/samtskhe-javakheti/sapara-monastery/,https://www.hikasustravel.com/pl/georgia/akhaltsikhe/sapara-monastery/,301,true
https://www.hikasustravel.com/pl/georgia/samtskhe-javakheti/timotesubani-monastery/,https://www.hikasustravel.com/pl/georgia/borjomi/timotesubani-monastery/,301,true
https://www.hikasustravel.com/pl/georgia/regions/samtskhe-javakheti/timotesubani-monastery/,https://www.hikasustravel.com/pl/georgia/borjomi/timotesubani-monastery/,301,true
https://www.hikasustravel.com/pl/georgia/imereti/tetra-cave/,https://www.hikasustravel.com/pl/georgia/tskaltubo/tetra-cave/,301,true
https://www.hikasustravel.com/pl/georgia/regions/imereti/tetra-cave/,https://www.hikasustravel.com/pl/georgia/tskaltubo/tetra-cave/,301,true
https://www.hikasustravel.com/pl/georgia/imereti/mghvimevi-monastery/,https://www.hikasustravel.com/pl/georgia/chiatura/mghvimevi-monastery/,301,true
https://www.hikasustravel.com/pl/georgia/regions/imereti/mghvimevi-monastery/,https://www.hikasustravel.com/pl/georgia/chiatura/mghvimevi-monastery/,301,true
https://www.hikasustravel.com/pl/georgia/gudauri/russia-georgia-friendship-monument/,https://www.hikasustravel.com/pl/georgia/gudauri/gudauri-panorama/,301,true
https://www.hikasustravel.com/pl/georgia/kazbegi-stepantsminda/,https://www.hikasustravel.com/pl/georgia/kazbegi/,301,true
https://www.hikasustravel.com/pl/georgia/kazbegi-stepantsminda/things-to-do-in-kazbegi-stepantsminda/,https://www.hikasustravel.com/pl/georgia/kazbegi/things-to-do-in-kazbegi/,301,true
https://www.hikasustravel.com/pl/georgia/kazbegi-stepantsminda/gergeti-trinity-church/,https://www.hikasustravel.com/pl/georgia/kazbegi/gergeti-trinity-church/,301,true
https://www.hikasustravel.com/pl/georgia/kazbegi-stepantsminda/gveleti-waterfalls/,https://www.hikasustravel.com/pl/georgia/kazbegi/gveleti-waterfalls/,301,true
https://www.hikasustravel.com/pl/georgia/kazbegi-stepantsminda/juta/,https://www.hikasustravel.com/pl/georgia/kazbegi/juta/,301,true
https://www.hikasustravel.com/pl/georgia/kazbegi-stepantsminda/truso-valley/,https://www.hikasustravel.com/pl/georgia/kazbegi/truso-valley/,301,true
https://www.hikasustravel.com/pl/georgia/kazbegi-stepantsminda/arsha-waterfall/,https://www.hikasustravel.com/pl/georgia/kazbegi/arsha-waterfall/,301,true
https://www.hikasustravel.com/pl/georgia/kazbegi-stepantsminda/elia-hill-kazbegi/,https://www.hikasustravel.com/pl/georgia/kazbegi/elia-hill-kazbegi/,301,true
https://www.hikasustravel.com/pl/georgia/kazbegi-stepantsminda/gergeti-glacier/,https://www.hikasustravel.com/pl/georgia/kazbegi/gergeti-glacier/,301,true
https://www.hikasustravel.com/pl/private-tours/savor-the-flavors-of-kakheti-3-day-wine-and-culture-adventure/,https://www.hikasustravel.com/pl/private-tours/3-day-kakheti-wine-and-food-tour-from-tbilisi/,301,true
https://www.hikasustravel.com/pl/private-tours/experience-georgias-rich-culture-coastal-beauty-5-day-tour-from-tbilisi-to-batumi/,https://www.hikasustravel.com/pl/private-tours/5-day-private-tour-from-tbilisi-to-batumi/,301,true
https://www.hikasustravel.com/pl/private-tours/sulfur-baths-and-sipping-wine-5-days-of-georgian-delights/,https://www.hikasustravel.com/pl/private-tours/5-day-georgia-private-tour-tbilisi-wine-and-sulfur-baths/,301,true
https://www.hikasustravel.com/pl/private-tours/tbilisi-to-treasures-a-6-day-journey-through-georgias-icons-and-hidden-gems/,https://www.hikasustravel.com/pl/private-tours/6-day-georgia-private-tour-highlights-from-tbilisi/,301,true
https://www.hikasustravel.com/pl/private-tours/georgias-cultural-wonders-7-day-adventure-from-kutaisi-to-tbilisi-and-beyond/,https://www.hikasustravel.com/pl/private-tours/7-day-georgia-cultural-tour-kutaisi-to-tbilisi/,301,true
https://www.hikasustravel.com/pl/private-tours/experience-the-heart-of-georgia-8-day-journey-of-culture-nature-wine-tastings/,https://www.hikasustravel.com/pl/private-tours/8-day-georgia-private-tour-culture-nature-and-wine/,301,true
https://www.hikasustravel.com/pl/private-tours/immerse-yourself-in-georgia-8-day-cultural-and-adventure-journey-through-the-caucasus/,https://www.hikasustravel.com/pl/private-tours/8-day-georgia-culture-and-adventure-tour/,301,true
https://www.hikasustravel.com/pl/private-tours/ultimate-georgia-exploration-9-day-tour-from-kutaisi-to-tbilisi-and-hidden-gems/,https://www.hikasustravel.com/pl/private-tours/9-day-georgia-private-tour-kutaisi-to-tbilisi/,301,true
https://www.hikasustravel.com/pl/private-tours/wander-wonder-and-wine-9-days-of-georgias-best/,https://www.hikasustravel.com/pl/private-tours/georgia-grand-tour-9-days-from-tbilisi-to-batumi/,301,true
https://www.hikasustravel.com/pl/private-tours/wine-wonders-and-the-caucasus-a-9-day-adventure-in-georgia/,https://www.hikasustravel.com/pl/private-tours/9-day-georgia-wine-and-adventure-tour/,301,true
https://www.hikasustravel.com/pl/private-tours/13-day-georgia-grand-tour-culture-and-nature/,https://www.hikasustravel.com/pl/private-tours/13-day-georgia-grand-tour-from-kutaisi-culture-and-nature/,301,true
https://www.hikasustravel.com/pl/private-tours/grand-georgia-adventure-13-day-cultural-and-scenic-journey/,https://www.hikasustravel.com/pl/private-tours/13-day-georgia-grand-tour-from-kutaisi-culture-and-nature/,301,true
https://www.hikasustravel.com/pl/private-tours/georgia-on-my-mind-20-days-of-tasting-trekking-and-total-relaxation/,https://www.hikasustravel.com/pl/private-tours/20-day-georgia-grand-tour-wine-hiking-and-culture/,301,true
https://www.hikasustravel.com/cs/destinations/,https://www.hikasustravel.com/cs/georgia/,301,true
https://www.hikasustravel.com/cs/destinations/regions/,https://www.hikasustravel.com/cs/georgia/regions/,301,true
https://www.hikasustravel.com/cs/destinations/cities/,https://www.hikasustravel.com/cs/georgia/cities/,301,true
https://www.hikasustravel.com/cs/destinations/places-to-visit/,https://www.hikasustravel.com/cs/georgia/places-to-visit/,301,true
https://www.hikasustravel.com/cs/destinations/cities/tbilisi/,https://www.hikasustravel.com/cs/georgia/tbilisi/,301,true
https://www.hikasustravel.com/cs/destinations/tbilisi/,https://www.hikasustravel.com/cs/georgia/tbilisi/,301,true
https://www.hikasustravel.com/cs/things-to-do-in-tbilisi/,https://www.hikasustravel.com/cs/georgia/tbilisi/things-to-do-in-tbilisi/,301,true
https://www.hikasustravel.com/cs/destinations/cities/akhaltsikhe/,https://www.hikasustravel.com/cs/georgia/akhaltsikhe/,301,true
https://www.hikasustravel.com/cs/destinations/akhaltsikhe/,https://www.hikasustravel.com/cs/georgia/akhaltsikhe/,301,true
https://www.hikasustravel.com/cs/things-to-do-in-akhaltsikhe/,https://www.hikasustravel.com/cs/georgia/akhaltsikhe/things-to-do-in-akhaltsikhe/,301,true
https://www.hikasustravel.com/cs/destinations/cities/ambrolauri/,https://www.hikasustravel.com/cs/georgia/ambrolauri/,301,true
https://www.hikasustravel.com/cs/destinations/ambrolauri/,https://www.hikasustravel.com/cs/georgia/ambrolauri/,301,true
https://www.hikasustravel.com/cs/things-to-do-in-ambrolauri/,https://www.hikasustravel.com/cs/georgia/ambrolauri/things-to-do-in-ambrolauri/,301,true
https://www.hikasustravel.com/cs/destinations/cities/bakuriani/,https://www.hikasustravel.com/cs/georgia/bakuriani/,301,true
https://www.hikasustravel.com/cs/destinations/bakuriani/,https://www.hikasustravel.com/cs/georgia/bakuriani/,301,true
https://www.hikasustravel.com/cs/things-to-do-in-bakuriani/,https://www.hikasustravel.com/cs/georgia/bakuriani/things-to-do-in-bakuriani/,301,true
https://www.hikasustravel.com/cs/destinations/cities/bakhmaro/,https://www.hikasustravel.com/cs/georgia/bakhmaro/,301,true
https://www.hikasustravel.com/cs/destinations/bakhmaro/,https://www.hikasustravel.com/cs/georgia/bakhmaro/,301,true
https://www.hikasustravel.com/cs/destinations/cities/gomismta/,https://www.hikasustravel.com/cs/georgia/gomismta/,301,true
https://www.hikasustravel.com/cs/destinations/gomismta/,https://www.hikasustravel.com/cs/georgia/gomismta/,301,true
https://www.hikasustravel.com/cs/destinations/cities/kutaisi/,https://www.hikasustravel.com/cs/georgia/kutaisi/,301,true
https://www.hikasustravel.com/cs/destinations/kutaisi/,https://www.hikasustravel.com/cs/georgia/kutaisi/,301,true
https://www.hikasustravel.com/cs/things-to-do-in-kutaisi/,https://www.hikasustravel.com/cs/georgia/kutaisi/things-to-do-in-kutaisi/,301,true
https://www.hikasustravel.com/cs/destinations/cities/tskaltubo/,https://www.hikasustravel.com/cs/georgia/tskaltubo/,301,true
https://www.hikasustravel.com/cs/destinations/tskaltubo/,https://www.hikasustravel.com/cs/georgia/tskaltubo/,301,true
https://www.hikasustravel.com/cs/things-to-do-in-tskaltubo/,https://www.hikasustravel.com/cs/georgia/tskaltubo/things-to-do-in-tskaltubo/,301,true
https://www.hikasustravel.com/cs/destinations/cities/chiatura/,https://www.hikasustravel.com/cs/georgia/chiatura/,301,true
https://www.hikasustravel.com/cs/destinations/chiatura/,https://www.hikasustravel.com/cs/georgia/chiatura/,301,true
https://www.hikasustravel.com/cs/things-to-do-in-chiatura/,https://www.hikasustravel.com/cs/georgia/chiatura/things-to-do-in-chiatura/,301,true
https://www.hikasustravel.com/cs/destinations/cities/batumi/,https://www.hikasustravel.com/cs/georgia/batumi/,301,true
https://www.hikasustravel.com/cs/destinations/batumi/,https://www.hikasustravel.com/cs/georgia/batumi/,301,true
https://www.hikasustravel.com/cs/things-to-do-in-batumi/,https://www.hikasustravel.com/cs/georgia/batumi/things-to-do-in-batumi/,301,true
https://www.hikasustravel.com/cs/destinations/cities/mtskheta/,https://www.hikasustravel.com/cs/georgia/mtskheta/,301,true
https://www.hikasustravel.com/cs/destinations/mtskheta/,https://www.hikasustravel.com/cs/georgia/mtskheta/,301,true
https://www.hikasustravel.com/cs/things-to-do-in-mtskheta/,https://www.hikasustravel.com/cs/georgia/mtskheta/things-to-do-in-mtskheta/,301,true
https://www.hikasustravel.com/cs/destinations/cities/ushguli/,https://www.hikasustravel.com/cs/georgia/ushguli/,301,true
https://www.hikasustravel.com/cs/destinations/ushguli/,https://www.hikasustravel.com/cs/georgia/ushguli/,301,true
https://www.hikasustravel.com/cs/things-to-do-in-ushguli/,https://www.hikasustravel.com/cs/georgia/ushguli/things-to-do-in-ushguli/,301,true
https://www.hikasustravel.com/cs/destinations/cities/mestia/,https://www.hikasustravel.com/cs/georgia/mestia/,301,true
https://www.hikasustravel.com/cs/destinations/mestia/,https://www.hikasustravel.com/cs/georgia/mestia/,301,true
https://www.hikasustravel.com/cs/things-to-do-in-mestia/,https://www.hikasustravel.com/cs/georgia/mestia/things-to-do-in-mestia/,301,true
https://www.hikasustravel.com/cs/destinations/cities/zugdidi/,https://www.hikasustravel.com/cs/georgia/zugdidi/,301,true
https://www.hikasustravel.com/cs/destinations/zugdidi/,https://www.hikasustravel.com/cs/georgia/zugdidi/,301,true
https://www.hikasustravel.com/cs/things-to-do-in-zugdidi/,https://www.hikasustravel.com/cs/georgia/zugdidi/things-to-do-in-zugdidi/,301,true
https://www.hikasustravel.com/cs/destinations/cities/martvili/,https://www.hikasustravel.com/cs/georgia/martvili/,301,true
https://www.hikasustravel.com/cs/destinations/martvili/,https://www.hikasustravel.com/cs/georgia/martvili/,301,true
https://www.hikasustravel.com/cs/things-to-do-in-martvili/,https://www.hikasustravel.com/cs/georgia/martvili/things-to-do-in-martvili/,301,true
https://www.hikasustravel.com/cs/destinations/cities/telavi/,https://www.hikasustravel.com/cs/georgia/telavi/,301,true
https://www.hikasustravel.com/cs/destinations/telavi/,https://www.hikasustravel.com/cs/georgia/telavi/,301,true
https://www.hikasustravel.com/cs/things-to-do-in-telavi/,https://www.hikasustravel.com/cs/georgia/telavi/things-to-do-in-telavi/,301,true
https://www.hikasustravel.com/cs/destinations/cities/oni/,https://www.hikasustravel.com/cs/georgia/oni/,301,true
https://www.hikasustravel.com/cs/destinations/oni/,https://www.hikasustravel.com/cs/georgia/oni/,301,true
https://www.hikasustravel.com/cs/things-to-do-in-oni/,https://www.hikasustravel.com/cs/georgia/oni/things-to-do-in-oni/,301,true
https://www.hikasustravel.com/cs/destinations/cities/gurjaani/,https://www.hikasustravel.com/cs/georgia/gurjaani/,301,true
https://www.hikasustravel.com/cs/destinations/gurjaani/,https://www.hikasustravel.com/cs/georgia/gurjaani/,301,true
https://www.hikasustravel.com/cs/things-to-do-in-gurjaani/,https://www.hikasustravel.com/cs/georgia/gurjaani/things-to-do-in-gurjaani/,301,true
https://www.hikasustravel.com/cs/destinations/cities/sighnaghi/,https://www.hikasustravel.com/cs/georgia/sighnaghi/,301,true
https://www.hikasustravel.com/cs/destinations/sighnaghi/,https://www.hikasustravel.com/cs/georgia/sighnaghi/,301,true
https://www.hikasustravel.com/cs/things-to-do-in-sighnaghi/,https://www.hikasustravel.com/cs/georgia/sighnaghi/things-to-do-in-sighnaghi/,301,true
https://www.hikasustravel.com/cs/destinations/cities/rustavi/,https://www.hikasustravel.com/cs/georgia/rustavi/,301,true
https://www.hikasustravel.com/cs/destinations/rustavi/,https://www.hikasustravel.com/cs/georgia/rustavi/,301,true
https://www.hikasustravel.com/cs/things-to-do-in-rustavi/,https://www.hikasustravel.com/cs/georgia/rustavi/things-to-do-in-rustavi/,301,true
https://www.hikasustravel.com/cs/destinations/cities/kvareli/,https://www.hikasustravel.com/cs/georgia/kvareli/,301,true
https://www.hikasustravel.com/cs/destinations/kvareli/,https://www.hikasustravel.com/cs/georgia/kvareli/,301,true
https://www.hikasustravel.com/cs/things-to-do-in-kvareli/,https://www.hikasustravel.com/cs/georgia/kvareli/things-to-do-in-kvareli/,301,true
https://www.hikasustravel.com/cs/destinations/cities/gori/,https://www.hikasustravel.com/cs/georgia/gori/,301,true
https://www.hikasustravel.com/cs/destinations/gori/,https://www.hikasustravel.com/cs/georgia/gori/,301,true
https://www.hikasustravel.com/cs/things-to-do-in-gori/,https://www.hikasustravel.com/cs/georgia/gori/things-to-do-in-gori/,301,true
https://www.hikasustravel.com/cs/destinations/cities/borjomi/,https://www.hikasustravel.com/cs/georgia/borjomi/,301,true
https://www.hikasustravel.com/cs/destinations/borjomi/,https://www.hikasustravel.com/cs/georgia/borjomi/,301,true
https://www.hikasustravel.com/cs/things-to-do-in-borjomi/,https://www.hikasustravel.com/cs/georgia/borjomi/things-to-do-in-borjomi/,301,true
https://www.hikasustravel.com/cs/destinations/cities/kazbegi/,https://www.hikasustravel.com/cs/georgia/kazbegi/,301,true
https://www.hikasustravel.com/cs/destinations/kazbegi/,https://www.hikasustravel.com/cs/georgia/kazbegi/,301,true
https://www.hikasustravel.com/cs/things-to-do-in-kazbegi/,https://www.hikasustravel.com/cs/georgia/kazbegi/things-to-do-in-kazbegi/,301,true
https://www.hikasustravel.com/cs/destinations/cities/gudauri/,https://www.hikasustravel.com/cs/georgia/gudauri/,301,true
https://www.hikasustravel.com/cs/destinations/gudauri/,https://www.hikasustravel.com/cs/georgia/gudauri/,301,true
https://www.hikasustravel.com/cs/things-to-do-in-gudauri/,https://www.hikasustravel.com/cs/georgia/gudauri/things-to-do-in-gudauri/,301,true
https://www.hikasustravel.com/cs/destinations/cities/dmanisi/,https://www.hikasustravel.com/cs/georgia/dmanisi/,301,true
https://www.hikasustravel.com/cs/destinations/dmanisi/,https://www.hikasustravel.com/cs/georgia/dmanisi/,301,true
https://www.hikasustravel.com/cs/things-to-do-in-dmanisi/,https://www.hikasustravel.com/cs/georgia/dmanisi/things-to-do-in-dmanisi/,301,true
https://www.hikasustravel.com/cs/destinations/cities/bolnisi/,https://www.hikasustravel.com/cs/georgia/bolnisi/,301,true
https://www.hikasustravel.com/cs/destinations/bolnisi/,https://www.hikasustravel.com/cs/georgia/bolnisi/,301,true
https://www.hikasustravel.com/cs/things-to-do-in-bolnisi/,https://www.hikasustravel.com/cs/georgia/bolnisi/things-to-do-in-bolnisi/,301,true
https://www.hikasustravel.com/cs/destinations/regions/adjara/,https://www.hikasustravel.com/cs/georgia/regions/adjara/,301,true
https://www.hikasustravel.com/cs/things-to-do-in-adjara/,https://www.hikasustravel.com/cs/georgia/adjara/things-to-do-in-adjara/,301,true
https://www.hikasustravel.com/cs/destinations/regions/guria/,https://www.hikasustravel.com/cs/georgia/regions/guria/,301,true
https://www.hikasustravel.com/cs/things-to-do-in-guria/,https://www.hikasustravel.com/cs/georgia/guria/things-to-do-in-guria/,301,true
https://www.hikasustravel.com/cs/destinations/regions/imereti/,https://www.hikasustravel.com/cs/georgia/regions/imereti/,301,true
https://www.hikasustravel.com/cs/things-to-do-in-imereti/,https://www.hikasustravel.com/cs/georgia/imereti/things-to-do-in-imereti/,301,true
https://www.hikasustravel.com/cs/destinations/regions/kakheti/,https://www.hikasustravel.com/cs/georgia/regions/kakheti/,301,true
https://www.hikasustravel.com/cs/things-to-do-in-kakheti/,https://www.hikasustravel.com/cs/georgia/kakheti/things-to-do-in-kakheti/,301,true
https://www.hikasustravel.com/cs/destinations/regions/kvemo-kartli/,https://www.hikasustravel.com/cs/georgia/regions/kvemo-kartli/,301,true
https://www.hikasustravel.com/cs/things-to-do-in-kvemo-kartli/,https://www.hikasustravel.com/cs/georgia/kvemo-kartli/things-to-do-in-kvemo-kartli/,301,true
https://www.hikasustravel.com/cs/destinations/regions/lechkhumi/,https://www.hikasustravel.com/cs/georgia/regions/lechkhumi/,301,true
https://www.hikasustravel.com/cs/things-to-do-in-lechkhumi/,https://www.hikasustravel.com/cs/georgia/lechkhumi/things-to-do-in-lechkhumi/,301,true
https://www.hikasustravel.com/cs/destinations/regions/mtskheta-mtianeti/,https://www.hikasustravel.com/cs/georgia/regions/mtskheta-mtianeti/,301,true
https://www.hikasustravel.com/cs/things-to-do-in-mtskheta-mtianeti/,https://www.hikasustravel.com/cs/georgia/mtskheta-mtianeti/things-to-do-in-mtskheta-mtianeti/,301,true
https://www.hikasustravel.com/cs/destinations/regions/racha/,https://www.hikasustravel.com/cs/georgia/regions/racha/,301,true
https://www.hikasustravel.com/cs/things-to-do-in-racha/,https://www.hikasustravel.com/cs/georgia/racha/things-to-do-in-racha/,301,true
https://www.hikasustravel.com/cs/destinations/regions/samegrelo/,https://www.hikasustravel.com/cs/georgia/regions/samegrelo/,301,true
https://www.hikasustravel.com/cs/things-to-do-in-samegrelo/,https://www.hikasustravel.com/cs/georgia/samegrelo/things-to-do-in-samegrelo/,301,true
https://www.hikasustravel.com/cs/destinations/regions/samtskhe-javakheti/,https://www.hikasustravel.com/cs/georgia/regions/samtskhe-javakheti/,301,true
https://www.hikasustravel.com/cs/things-to-do-in-samtskhe-javakheti/,https://www.hikasustravel.com/cs/georgia/samtskhe-javakheti/things-to-do-in-samtskhe-javakheti/,301,true
https://www.hikasustravel.com/cs/destinations/regions/shida-kartli/,https://www.hikasustravel.com/cs/georgia/regions/shida-kartli/,301,true
https://www.hikasustravel.com/cs/things-to-do-in-shida-kartli/,https://www.hikasustravel.com/cs/georgia/shida-kartli/things-to-do-in-shida-kartli/,301,true
https://www.hikasustravel.com/cs/destinations/regions/svaneti/,https://www.hikasustravel.com/cs/georgia/regions/svaneti/,301,true
https://www.hikasustravel.com/cs/things-to-do-in-svaneti/,https://www.hikasustravel.com/cs/georgia/svaneti/things-to-do-in-svaneti/,301,true
https://www.hikasustravel.com/cs/georgia/regions/racha-lechkhumi/tsageri-history-museum/,https://www.hikasustravel.com/cs/georgia/racha-lechkhumi/tsageri-history-museum/,301,true
https://www.hikasustravel.com/cs/georgia/regions/racha-lechkhumi/sairme-pillars/,https://www.hikasustravel.com/cs/georgia/racha-lechkhumi/sairme-pillars/,301,true
https://www.hikasustravel.com/cs/georgia/regions/racha-lechkhumi/rachkha-waterfall/,https://www.hikasustravel.com/cs/georgia/racha-lechkhumi/rachkha-waterfall/,301,true
https://www.hikasustravel.com/cs/georgia/regions/racha-lechkhumi/verdzistava-waterfall/,https://www.hikasustravel.com/cs/georgia/racha-lechkhumi/verdzistava-waterfall/,301,true
https://www.hikasustravel.com/cs/georgia/regions/racha-lechkhumi/zubi-fortress/,https://www.hikasustravel.com/cs/georgia/racha-lechkhumi/zubi-fortress/,301,true
https://www.hikasustravel.com/cs/georgia/regions/racha-lechkhumi/orbeli-fortress/,https://www.hikasustravel.com/cs/georgia/racha-lechkhumi/orbeli-fortress/,301,true
https://www.hikasustravel.com/cs/georgia/regions/racha-lechkhumi/lailashi-pool-okronishi/,https://www.hikasustravel.com/cs/georgia/racha-lechkhumi/lailashi-pool-okronishi/,301,true
https://www.hikasustravel.com/cs/georgia/regions/racha-lechkhumi/kulbaki-lakes/,https://www.hikasustravel.com/cs/georgia/racha-lechkhumi/kulbaki-lakes/,301,true
https://www.hikasustravel.com/cs/georgia/regions/racha-lechkhumi/cholevi-lake/,https://www.hikasustravel.com/cs/georgia/racha-lechkhumi/cholevi-lake/,301,true
https://www.hikasustravel.com/cs/georgia/regions/racha-lechkhumi/love-waterfall/,https://www.hikasustravel.com/cs/georgia/racha-lechkhumi/love-waterfall/,301,true
https://www.hikasustravel.com/cs/georgia/regions/racha-lechkhumi/minda-fortress/,https://www.hikasustravel.com/cs/georgia/racha-lechkhumi/minda-fortress/,301,true
https://www.hikasustravel.com/cs/georgia/regions/racha-lechkhumi/nikortsminda-cathedral/,https://www.hikasustravel.com/cs/georgia/racha-lechkhumi/nikortsminda-cathedral/,301,true
https://www.hikasustravel.com/cs/georgia/regions/racha-lechkhumi/shaori-lake/,https://www.hikasustravel.com/cs/georgia/racha-lechkhumi/shaori-lake/,301,true
https://www.hikasustravel.com/cs/georgia/regions/racha-lechkhumi/udziro-lake/,https://www.hikasustravel.com/cs/georgia/racha-lechkhumi/udziro-lake/,301,true
https://www.hikasustravel.com/cs/georgia/regions/racha-lechkhumi/khvamli-mountain/,https://www.hikasustravel.com/cs/georgia/racha-lechkhumi/khvamli-mountain/,301,true
https://www.hikasustravel.com/cs/georgia/regions/racha-lechkhumi/ghvirishi-waterfall/,https://www.hikasustravel.com/cs/georgia/racha-lechkhumi/ghvirishi-waterfall/,301,true
https://www.hikasustravel.com/cs/georgia/regions/racha-lechkhumi/askhi-massif/,https://www.hikasustravel.com/cs/georgia/racha-lechkhumi/askhi-massif/,301,true
https://www.hikasustravel.com/cs/georgia/regions/racha-lechkhumi/dekhviri-fortress/,https://www.hikasustravel.com/cs/georgia/racha-lechkhumi/dekhviri-fortress/,301,true
https://www.hikasustravel.com/cs/georgia/regions/kvemo-kartli/algeti-national-park/,https://www.hikasustravel.com/cs/georgia/kvemo-kartli/algeti-national-park/,301,true
https://www.hikasustravel.com/cs/georgia/regions/kvemo-kartli/birtvisi-fortress/,https://www.hikasustravel.com/cs/georgia/kvemo-kartli/birtvisi-fortress/,301,true
https://www.hikasustravel.com/cs/georgia/regions/kvemo-kartli/tsalka-dashbashi-canyon/,https://www.hikasustravel.com/cs/georgia/kvemo-kartli/tsalka-dashbashi-canyon/,301,true
https://www.hikasustravel.com/cs/georgia/regions/kakheti/ujarma-fortress/,https://www.hikasustravel.com/cs/georgia/kakheti/ujarma-fortress/,301,true
https://www.hikasustravel.com/cs/georgia/regions/kakheti/rtveli-georgian-grape-harvest/,https://www.hikasustravel.com/cs/georgia/kakheti/rtveli-georgian-grape-harvest/,301,true
https://www.hikasustravel.com/cs/georgia/regions/kakheti/pankisi-gorge/,https://www.hikasustravel.com/cs/georgia/kakheti/pankisi-gorge/,301,true
https://www.hikasustravel.com/cs/georgia/regions/kakheti/kvetera-fortress/,https://www.hikasustravel.com/cs/georgia/kakheti/kvetera-fortress/,301,true
https://www.hikasustravel.com/cs/georgia/regions/kakheti/lagodekhi-national-park/,https://www.hikasustravel.com/cs/georgia/kakheti/lagodekhi-national-park/,301,true
https://www.hikasustravel.com/cs/georgia/regions/kakheti/vashlovani-national-park/,https://www.hikasustravel.com/cs/georgia/kakheti/vashlovani-national-park/,301,true
https://www.hikasustravel.com/cs/georgia/regions/kakheti/gremi-archangels-complex/,https://www.hikasustravel.com/cs/georgia/kakheti/gremi-archangels-complex/,301,true
https://www.hikasustravel.com/cs/georgia/regions/kakheti/gombori-pass/,https://www.hikasustravel.com/cs/georgia/kakheti/gombori-pass/,301,true
https://www.hikasustravel.com/cs/georgia/regions/kakheti/david-gareja-monastery/,https://www.hikasustravel.com/cs/georgia/kakheti/david-gareja-monastery/,301,true
https://www.hikasustravel.com/cs/georgia/regions/guria/georgia-in-miniatures-shekvetili/,https://www.hikasustravel.com/cs/georgia/guria/georgia-in-miniatures-shekvetili/,301,true
https://www.hikasustravel.com/cs/georgia/regions/guria/musicians-park-shekvetili/,https://www.hikasustravel.com/cs/georgia/guria/musicians-park-shekvetili/,301,true
https://www.hikasustravel.com/cs/georgia/regions/guria/shekvetili-dendrological-park/,https://www.hikasustravel.com/cs/georgia/guria/shekvetili-dendrological-park/,301,true
https://www.hikasustravel.com/cs/georgia/regions/guria/shemokmedi-monastery/,https://www.hikasustravel.com/cs/georgia/guria/shemokmedi-monastery/,301,true
https://www.hikasustravel.com/cs/georgia/regions/guria/ureki-beach/,https://www.hikasustravel.com/cs/georgia/guria/ureki-beach/,301,true
https://www.hikasustravel.com/cs/georgia/regions/mtskheta-mtianeti/ananuri-fortress/,https://www.hikasustravel.com/cs/georgia/mtskheta-mtianeti/ananuri-fortress/,301,true
https://www.hikasustravel.com/cs/georgia/regions/shida-kartli/bateti-lake/,https://www.hikasustravel.com/cs/georgia/shida-kartli/bateti-lake/,301,true
https://www.hikasustravel.com/cs/georgia/regions/shida-kartli/kintsvisi-monastery/,https://www.hikasustravel.com/cs/georgia/shida-kartli/kintsvisi-monastery/,301,true
https://www.hikasustravel.com/cs/georgia/regions/shida-kartli/kvatakhevi-monastery/,https://www.hikasustravel.com/cs/georgia/shida-kartli/kvatakhevi-monastery/,301,true
https://www.hikasustravel.com/cs/georgia/regions/shida-kartli/samtavisi-cathedral/,https://www.hikasustravel.com/cs/georgia/shida-kartli/samtavisi-cathedral/,301,true
https://www.hikasustravel.com/cs/georgia/regions/imereti/prometheus-cave/,https://www.hikasustravel.com/cs/georgia/imereti/prometheus-cave/,301,true
https://www.hikasustravel.com/cs/georgia/regions/samtskhe-javakheti/vardzia/,https://www.hikasustravel.com/cs/georgia/samtskhe-javakheti/vardzia/,301,true
https://www.hikasustravel.com/cs/georgia/regions/samegrelo/nokalakevi/,https://www.hikasustravel.com/cs/georgia/samegrelo/nokalakevi/,301,true
https://www.hikasustravel.com/cs/georgia/regions/samegrelo/tobavarchkhili-lakes/,https://www.hikasustravel.com/cs/georgia/samegrelo/tobavarchkhili-lakes/,301,true
https://www.hikasustravel.com/cs/georgia/regions/samegrelo/paliastomi-lake-kolkheti-national-park/,https://www.hikasustravel.com/cs/georgia/samegrelo/paliastomi-lake-kolkheti-national-park/,301,true
https://www.hikasustravel.com/cs/georgia/regions/samegrelo/enguri-dam/,https://www.hikasustravel.com/cs/georgia/samegrelo/enguri-dam/,301,true
https://www.hikasustravel.com/cs/georgia/regions/samegrelo/intsra-waterfall/,https://www.hikasustravel.com/cs/georgia/samegrelo/intsra-waterfall/,301,true
https://www.hikasustravel.com/cs/georgia/regions/samegrelo/kolkheti-national-park/,https://www.hikasustravel.com/cs/georgia/samegrelo/kolkheti-national-park/,301,true
https://www.hikasustravel.com/cs/georgia/regions/svaneti/mount-ushba/,https://www.hikasustravel.com/cs/georgia/svaneti/mount-ushba/,301,true
https://www.hikasustravel.com/cs/georgia/regions/svaneti/svan-towers/,https://www.hikasustravel.com/cs/georgia/svaneti/svan-towers/,301,true
https://www.hikasustravel.com/cs/georgia/regions/samtskhe-javakheti/borjomi-kharagauli-national-park/,https://www.hikasustravel.com/cs/georgia/samtskhe-javakheti/borjomi-kharagauli-national-park/,301,true
https://www.hikasustravel.com/cs/georgia/regions/samtskhe-javakheti/khertvisi-fortress/,https://www.hikasustravel.com/cs/georgia/samtskhe-javakheti/khertvisi-fortress/,301,true
https://www.hikasustravel.com/cs/georgia/regions/samtskhe-javakheti/tmogvi-fortress/,https://www.hikasustravel.com/cs/georgia/samtskhe-javakheti/tmogvi-fortress/,301,true
https://www.hikasustravel.com/cs/georgia/regions/samtskhe-javakheti/lake-paravani/,https://www.hikasustravel.com/cs/georgia/samtskhe-javakheti/lake-paravani/,301,true
https://www.hikasustravel.com/cs/georgia/regions/samtskhe-javakheti/poka-nunnery/,https://www.hikasustravel.com/cs/georgia/samtskhe-javakheti/poka-nunnery/,301,true
https://www.hikasustravel.com/cs/georgia/regions/imereti/vani-archaeological-museum/,https://www.hikasustravel.com/cs/georgia/imereti/vani-archaeological-museum/,301,true
https://www.hikasustravel.com/cs/georgia/regions/imereti/ubisa-monastery/,https://www.hikasustravel.com/cs/georgia/imereti/ubisa-monastery/,301,true
https://www.hikasustravel.com/cs/georgia/regions/imereti/sataplia-nature-reserve/,https://www.hikasustravel.com/cs/georgia/imereti/sataplia-nature-reserve/,301,true
https://www.hikasustravel.com/cs/georgia/regions/imereti/okatse-kinchkha-waterfall/,https://www.hikasustravel.com/cs/georgia/imereti/okatse-kinchkha-waterfall/,301,true
https://www.hikasustravel.com/cs/georgia/racha-lechkhumi/khvanchkara-wine-monument/,https://www.hikasustravel.com/cs/georgia/ambrolauri/khvanchkara-wine-monument/,301,true
https://www.hikasustravel.com/cs/georgia/regions/racha-lechkhumi/khvanchkara-wine-monument/,https://www.hikasustravel.com/cs/georgia/ambrolauri/khvanchkara-wine-monument/,301,true
https://www.hikasustravel.com/cs/georgia/racha-lechkhumi/oni-synagogue/,https://www.hikasustravel.com/cs/georgia/oni/oni-synagogue/,301,true
https://www.hikasustravel.com/cs/georgia/regions/racha-lechkhumi/oni-synagogue/,https://www.hikasustravel.com/cs/georgia/oni/oni-synagogue/,301,true
https://www.hikasustravel.com/cs/georgia/kakheti/nekresi-monastery/,https://www.hikasustravel.com/cs/georgia/kvareli/nekresi-monastery/,301,true
https://www.hikasustravel.com/cs/georgia/regions/kakheti/nekresi-monastery/,https://www.hikasustravel.com/cs/georgia/kvareli/nekresi-monastery/,301,true
https://www.hikasustravel.com/cs/georgia/kakheti/gurjaani-kvelatsminda/,https://www.hikasustravel.com/cs/georgia/gurjaani/gurjaani-kvelatsminda/,301,true
https://www.hikasustravel.com/cs/georgia/regions/kakheti/gurjaani-kvelatsminda/,https://www.hikasustravel.com/cs/georgia/gurjaani/gurjaani-kvelatsminda/,301,true
https://www.hikasustravel.com/cs/georgia/shida-kartli/uplistsikhe/,https://www.hikasustravel.com/cs/georgia/gori/uplistsikhe/,301,true
https://www.hikasustravel.com/cs/georgia/regions/shida-kartli/uplistsikhe/,https://www.hikasustravel.com/cs/georgia/gori/uplistsikhe/,301,true
https://www.hikasustravel.com/cs/georgia/shida-kartli/ateni-sioni/,https://www.hikasustravel.com/cs/georgia/gori/ateni-sioni/,301,true
https://www.hikasustravel.com/cs/georgia/regions/shida-kartli/ateni-sioni/,https://www.hikasustravel.com/cs/georgia/gori/ateni-sioni/,301,true
https://www.hikasustravel.com/cs/georgia/samegrelo/martvili-canyon/,https://www.hikasustravel.com/cs/georgia/martvili/martvili-canyon/,301,true
https://www.hikasustravel.com/cs/georgia/regions/samegrelo/martvili-canyon/,https://www.hikasustravel.com/cs/georgia/martvili/martvili-canyon/,301,true
https://www.hikasustravel.com/cs/georgia/samegrelo/martvili-monastery/,https://www.hikasustravel.com/cs/georgia/martvili/martvili-monastery/,301,true
https://www.hikasustravel.com/cs/georgia/regions/samegrelo/martvili-monastery/,https://www.hikasustravel.com/cs/georgia/martvili/martvili-monastery/,301,true
https://www.hikasustravel.com/cs/georgia/samegrelo/dadiani-palace-museum/,https://www.hikasustravel.com/cs/georgia/zugdidi/dadiani-palace-museum/,301,true
https://www.hikasustravel.com/cs/georgia/regions/samegrelo/dadiani-palace-museum/,https://www.hikasustravel.com/cs/georgia/zugdidi/dadiani-palace-museum/,301,true
https://www.hikasustravel.com/cs/georgia/svaneti/chalaadi-glacier/,https://www.hikasustravel.com/cs/georgia/mestia/chalaadi-glacier/,301,true
https://www.hikasustravel.com/cs/georgia/regions/svaneti/chalaadi-glacier/,https://www.hikasustravel.com/cs/georgia/mestia/chalaadi-glacier/,301,true
https://www.hikasustravel.com/cs/georgia/svaneti/koruldi-lakes/,https://www.hikasustravel.com/cs/georgia/mestia/koruldi-lakes/,301,true
https://www.hikasustravel.com/cs/georgia/regions/svaneti/koruldi-lakes/,https://www.hikasustravel.com/cs/georgia/mestia/koruldi-lakes/,301,true
https://www.hikasustravel.com/cs/georgia/svaneti/tetnuldi-ski-resort/,https://www.hikasustravel.com/cs/georgia/mestia/tetnuldi-ski-resort/,301,true
https://www.hikasustravel.com/cs/georgia/regions/svaneti/tetnuldi-ski-resort/,https://www.hikasustravel.com/cs/georgia/mestia/tetnuldi-ski-resort/,301,true
https://www.hikasustravel.com/cs/georgia/svaneti/cross-over-mestia/,https://www.hikasustravel.com/cs/georgia/mestia/cross-over-mestia/,301,true
https://www.hikasustravel.com/cs/georgia/regions/svaneti/cross-over-mestia/,https://www.hikasustravel.com/cs/georgia/mestia/cross-over-mestia/,301,true
https://www.hikasustravel.com/cs/georgia/svaneti/shkhara-glacier/,https://www.hikasustravel.com/cs/georgia/ushguli/shkhara-glacier/,301,true
https://www.hikasustravel.com/cs/georgia/regions/svaneti/shkhara-glacier/,https://www.hikasustravel.com/cs/georgia/ushguli/shkhara-glacier/,301,true
https://www.hikasustravel.com/cs/georgia/imereti/katskhi-pillar/,https://www.hikasustravel.com/cs/georgia/chiatura/katskhi-pillar/,301,true
https://www.hikasustravel.com/cs/georgia/regions/imereti/katskhi-pillar/,https://www.hikasustravel.com/cs/georgia/chiatura/katskhi-pillar/,301,true
https://www.hikasustravel.com/cs/georgia/samtskhe-javakheti/abastumani-observatory/,https://www.hikasustravel.com/cs/georgia/abastumani/abastumani-observatory/,301,true
https://www.hikasustravel.com/cs/georgia/regions/samtskhe-javakheti/abastumani-observatory/,https://www.hikasustravel.com/cs/georgia/abastumani/abastumani-observatory/,301,true
https://www.hikasustravel.com/cs/georgia/samtskhe-javakheti/green-monastery/,https://www.hikasustravel.com/cs/georgia/borjomi/green-monastery/,301,true
https://www.hikasustravel.com/cs/georgia/regions/samtskhe-javakheti/green-monastery/,https://www.hikasustravel.com/cs/georgia/borjomi/green-monastery/,301,true
https://www.hikasustravel.com/cs/georgia/samtskhe-javakheti/sapara-monastery/,https://www.hikasustravel.com/cs/georgia/akhaltsikhe/sapara-monastery/,301,true
https://www.hikasustravel.com/cs/georgia/regions/samtskhe-javakheti/sapara-monastery/,https://www.hikasustravel.com/cs/georgia/akhaltsikhe/sapara-monastery/,301,true
https://www.hikasustravel.com/cs/georgia/samtskhe-javakheti/timotesubani-monastery/,https://www.hikasustravel.com/cs/georgia/borjomi/timotesubani-monastery/,301,true
https://www.hikasustravel.com/cs/georgia/regions/samtskhe-javakheti/timotesubani-monastery/,https://www.hikasustravel.com/cs/georgia/borjomi/timotesubani-monastery/,301,true
https://www.hikasustravel.com/cs/georgia/imereti/tetra-cave/,https://www.hikasustravel.com/cs/georgia/tskaltubo/tetra-cave/,301,true
https://www.hikasustravel.com/cs/georgia/regions/imereti/tetra-cave/,https://www.hikasustravel.com/cs/georgia/tskaltubo/tetra-cave/,301,true
https://www.hikasustravel.com/cs/georgia/imereti/mghvimevi-monastery/,https://www.hikasustravel.com/cs/georgia/chiatura/mghvimevi-monastery/,301,true
https://www.hikasustravel.com/cs/georgia/regions/imereti/mghvimevi-monastery/,https://www.hikasustravel.com/cs/georgia/chiatura/mghvimevi-monastery/,301,true
https://www.hikasustravel.com/cs/georgia/gudauri/russia-georgia-friendship-monument/,https://www.hikasustravel.com/cs/georgia/gudauri/gudauri-panorama/,301,true
https://www.hikasustravel.com/cs/georgia/kazbegi-stepantsminda/,https://www.hikasustravel.com/cs/georgia/kazbegi/,301,true
https://www.hikasustravel.com/cs/georgia/kazbegi-stepantsminda/things-to-do-in-kazbegi-stepantsminda/,https://www.hikasustravel.com/cs/georgia/kazbegi/things-to-do-in-kazbegi/,301,true
https://www.hikasustravel.com/cs/georgia/kazbegi-stepantsminda/gergeti-trinity-church/,https://www.hikasustravel.com/cs/georgia/kazbegi/gergeti-trinity-church/,301,true
https://www.hikasustravel.com/cs/georgia/kazbegi-stepantsminda/gveleti-waterfalls/,https://www.hikasustravel.com/cs/georgia/kazbegi/gveleti-waterfalls/,301,true
https://www.hikasustravel.com/cs/georgia/kazbegi-stepantsminda/juta/,https://www.hikasustravel.com/cs/georgia/kazbegi/juta/,301,true
https://www.hikasustravel.com/cs/georgia/kazbegi-stepantsminda/truso-valley/,https://www.hikasustravel.com/cs/georgia/kazbegi/truso-valley/,301,true
https://www.hikasustravel.com/cs/georgia/kazbegi-stepantsminda/arsha-waterfall/,https://www.hikasustravel.com/cs/georgia/kazbegi/arsha-waterfall/,301,true
https://www.hikasustravel.com/cs/georgia/kazbegi-stepantsminda/elia-hill-kazbegi/,https://www.hikasustravel.com/cs/georgia/kazbegi/elia-hill-kazbegi/,301,true
https://www.hikasustravel.com/cs/georgia/kazbegi-stepantsminda/gergeti-glacier/,https://www.hikasustravel.com/cs/georgia/kazbegi/gergeti-glacier/,301,true
https://www.hikasustravel.com/cs/private-tours/savor-the-flavors-of-kakheti-3-day-wine-and-culture-adventure/,https://www.hikasustravel.com/cs/private-tours/3-day-kakheti-wine-and-food-tour-from-tbilisi/,301,true
https://www.hikasustravel.com/cs/private-tours/experience-georgias-rich-culture-coastal-beauty-5-day-tour-from-tbilisi-to-batumi/,https://www.hikasustravel.com/cs/private-tours/5-day-private-tour-from-tbilisi-to-batumi/,301,true
https://www.hikasustravel.com/cs/private-tours/sulfur-baths-and-sipping-wine-5-days-of-georgian-delights/,https://www.hikasustravel.com/cs/private-tours/5-day-georgia-private-tour-tbilisi-wine-and-sulfur-baths/,301,true
https://www.hikasustravel.com/cs/private-tours/tbilisi-to-treasures-a-6-day-journey-through-georgias-icons-and-hidden-gems/,https://www.hikasustravel.com/cs/private-tours/6-day-georgia-private-tour-highlights-from-tbilisi/,301,true
https://www.hikasustravel.com/cs/private-tours/georgias-cultural-wonders-7-day-adventure-from-kutaisi-to-tbilisi-and-beyond/,https://www.hikasustravel.com/cs/private-tours/7-day-georgia-cultural-tour-kutaisi-to-tbilisi/,301,true
https://www.hikasustravel.com/cs/private-tours/experience-the-heart-of-georgia-8-day-journey-of-culture-nature-wine-tastings/,https://www.hikasustravel.com/cs/private-tours/8-day-georgia-private-tour-culture-nature-and-wine/,301,true
https://www.hikasustravel.com/cs/private-tours/immerse-yourself-in-georgia-8-day-cultural-and-adventure-journey-through-the-caucasus/,https://www.hikasustravel.com/cs/private-tours/8-day-georgia-culture-and-adventure-tour/,301,true
https://www.hikasustravel.com/cs/private-tours/ultimate-georgia-exploration-9-day-tour-from-kutaisi-to-tbilisi-and-hidden-gems/,https://www.hikasustravel.com/cs/private-tours/9-day-georgia-private-tour-kutaisi-to-tbilisi/,301,true
https://www.hikasustravel.com/cs/private-tours/wander-wonder-and-wine-9-days-of-georgias-best/,https://www.hikasustravel.com/cs/private-tours/georgia-grand-tour-9-days-from-tbilisi-to-batumi/,301,true
https://www.hikasustravel.com/cs/private-tours/wine-wonders-and-the-caucasus-a-9-day-adventure-in-georgia/,https://www.hikasustravel.com/cs/private-tours/9-day-georgia-wine-and-adventure-tour/,301,true
https://www.hikasustravel.com/cs/private-tours/13-day-georgia-grand-tour-culture-and-nature/,https://www.hikasustravel.com/cs/private-tours/13-day-georgia-grand-tour-from-kutaisi-culture-and-nature/,301,true
https://www.hikasustravel.com/cs/private-tours/grand-georgia-adventure-13-day-cultural-and-scenic-journey/,https://www.hikasustravel.com/cs/private-tours/13-day-georgia-grand-tour-from-kutaisi-culture-and-nature/,301,true
https://www.hikasustravel.com/cs/private-tours/georgia-on-my-mind-20-days-of-tasting-trekking-and-total-relaxation/,https://www.hikasustravel.com/cs/private-tours/20-day-georgia-grand-tour-wine-hiking-and-culture/,301,true
https://www.hikasustravel.com/nl/destinations/,https://www.hikasustravel.com/nl/georgia/,301,true
https://www.hikasustravel.com/nl/destinations/regions/,https://www.hikasustravel.com/nl/georgia/regions/,301,true
https://www.hikasustravel.com/nl/destinations/cities/,https://www.hikasustravel.com/nl/georgia/cities/,301,true
https://www.hikasustravel.com/nl/destinations/places-to-visit/,https://www.hikasustravel.com/nl/georgia/places-to-visit/,301,true
https://www.hikasustravel.com/nl/destinations/cities/tbilisi/,https://www.hikasustravel.com/nl/georgia/tbilisi/,301,true
https://www.hikasustravel.com/nl/destinations/tbilisi/,https://www.hikasustravel.com/nl/georgia/tbilisi/,301,true
https://www.hikasustravel.com/nl/things-to-do-in-tbilisi/,https://www.hikasustravel.com/nl/georgia/tbilisi/things-to-do-in-tbilisi/,301,true
https://www.hikasustravel.com/nl/destinations/cities/akhaltsikhe/,https://www.hikasustravel.com/nl/georgia/akhaltsikhe/,301,true
https://www.hikasustravel.com/nl/destinations/akhaltsikhe/,https://www.hikasustravel.com/nl/georgia/akhaltsikhe/,301,true
https://www.hikasustravel.com/nl/things-to-do-in-akhaltsikhe/,https://www.hikasustravel.com/nl/georgia/akhaltsikhe/things-to-do-in-akhaltsikhe/,301,true
https://www.hikasustravel.com/nl/destinations/cities/ambrolauri/,https://www.hikasustravel.com/nl/georgia/ambrolauri/,301,true
https://www.hikasustravel.com/nl/destinations/ambrolauri/,https://www.hikasustravel.com/nl/georgia/ambrolauri/,301,true
https://www.hikasustravel.com/nl/things-to-do-in-ambrolauri/,https://www.hikasustravel.com/nl/georgia/ambrolauri/things-to-do-in-ambrolauri/,301,true
https://www.hikasustravel.com/nl/destinations/cities/bakuriani/,https://www.hikasustravel.com/nl/georgia/bakuriani/,301,true
https://www.hikasustravel.com/nl/destinations/bakuriani/,https://www.hikasustravel.com/nl/georgia/bakuriani/,301,true
https://www.hikasustravel.com/nl/things-to-do-in-bakuriani/,https://www.hikasustravel.com/nl/georgia/bakuriani/things-to-do-in-bakuriani/,301,true
https://www.hikasustravel.com/nl/destinations/cities/bakhmaro/,https://www.hikasustravel.com/nl/georgia/bakhmaro/,301,true
https://www.hikasustravel.com/nl/destinations/bakhmaro/,https://www.hikasustravel.com/nl/georgia/bakhmaro/,301,true
https://www.hikasustravel.com/nl/destinations/cities/gomismta/,https://www.hikasustravel.com/nl/georgia/gomismta/,301,true
https://www.hikasustravel.com/nl/destinations/gomismta/,https://www.hikasustravel.com/nl/georgia/gomismta/,301,true
https://www.hikasustravel.com/nl/destinations/cities/kutaisi/,https://www.hikasustravel.com/nl/georgia/kutaisi/,301,true
https://www.hikasustravel.com/nl/destinations/kutaisi/,https://www.hikasustravel.com/nl/georgia/kutaisi/,301,true
https://www.hikasustravel.com/nl/things-to-do-in-kutaisi/,https://www.hikasustravel.com/nl/georgia/kutaisi/things-to-do-in-kutaisi/,301,true
https://www.hikasustravel.com/nl/destinations/cities/tskaltubo/,https://www.hikasustravel.com/nl/georgia/tskaltubo/,301,true
https://www.hikasustravel.com/nl/destinations/tskaltubo/,https://www.hikasustravel.com/nl/georgia/tskaltubo/,301,true
https://www.hikasustravel.com/nl/things-to-do-in-tskaltubo/,https://www.hikasustravel.com/nl/georgia/tskaltubo/things-to-do-in-tskaltubo/,301,true
https://www.hikasustravel.com/nl/destinations/cities/chiatura/,https://www.hikasustravel.com/nl/georgia/chiatura/,301,true
https://www.hikasustravel.com/nl/destinations/chiatura/,https://www.hikasustravel.com/nl/georgia/chiatura/,301,true
https://www.hikasustravel.com/nl/things-to-do-in-chiatura/,https://www.hikasustravel.com/nl/georgia/chiatura/things-to-do-in-chiatura/,301,true
https://www.hikasustravel.com/nl/destinations/cities/batumi/,https://www.hikasustravel.com/nl/georgia/batumi/,301,true
https://www.hikasustravel.com/nl/destinations/batumi/,https://www.hikasustravel.com/nl/georgia/batumi/,301,true
https://www.hikasustravel.com/nl/things-to-do-in-batumi/,https://www.hikasustravel.com/nl/georgia/batumi/things-to-do-in-batumi/,301,true
https://www.hikasustravel.com/nl/destinations/cities/mtskheta/,https://www.hikasustravel.com/nl/georgia/mtskheta/,301,true
https://www.hikasustravel.com/nl/destinations/mtskheta/,https://www.hikasustravel.com/nl/georgia/mtskheta/,301,true
https://www.hikasustravel.com/nl/things-to-do-in-mtskheta/,https://www.hikasustravel.com/nl/georgia/mtskheta/things-to-do-in-mtskheta/,301,true
https://www.hikasustravel.com/nl/destinations/cities/ushguli/,https://www.hikasustravel.com/nl/georgia/ushguli/,301,true
https://www.hikasustravel.com/nl/destinations/ushguli/,https://www.hikasustravel.com/nl/georgia/ushguli/,301,true
https://www.hikasustravel.com/nl/things-to-do-in-ushguli/,https://www.hikasustravel.com/nl/georgia/ushguli/things-to-do-in-ushguli/,301,true
https://www.hikasustravel.com/nl/destinations/cities/mestia/,https://www.hikasustravel.com/nl/georgia/mestia/,301,true
https://www.hikasustravel.com/nl/destinations/mestia/,https://www.hikasustravel.com/nl/georgia/mestia/,301,true
https://www.hikasustravel.com/nl/things-to-do-in-mestia/,https://www.hikasustravel.com/nl/georgia/mestia/things-to-do-in-mestia/,301,true
https://www.hikasustravel.com/nl/destinations/cities/zugdidi/,https://www.hikasustravel.com/nl/georgia/zugdidi/,301,true
https://www.hikasustravel.com/nl/destinations/zugdidi/,https://www.hikasustravel.com/nl/georgia/zugdidi/,301,true
https://www.hikasustravel.com/nl/things-to-do-in-zugdidi/,https://www.hikasustravel.com/nl/georgia/zugdidi/things-to-do-in-zugdidi/,301,true
https://www.hikasustravel.com/nl/destinations/cities/martvili/,https://www.hikasustravel.com/nl/georgia/martvili/,301,true
https://www.hikasustravel.com/nl/destinations/martvili/,https://www.hikasustravel.com/nl/georgia/martvili/,301,true
https://www.hikasustravel.com/nl/things-to-do-in-martvili/,https://www.hikasustravel.com/nl/georgia/martvili/things-to-do-in-martvili/,301,true
https://www.hikasustravel.com/nl/destinations/cities/telavi/,https://www.hikasustravel.com/nl/georgia/telavi/,301,true
https://www.hikasustravel.com/nl/destinations/telavi/,https://www.hikasustravel.com/nl/georgia/telavi/,301,true
https://www.hikasustravel.com/nl/things-to-do-in-telavi/,https://www.hikasustravel.com/nl/georgia/telavi/things-to-do-in-telavi/,301,true
https://www.hikasustravel.com/nl/destinations/cities/oni/,https://www.hikasustravel.com/nl/georgia/oni/,301,true
https://www.hikasustravel.com/nl/destinations/oni/,https://www.hikasustravel.com/nl/georgia/oni/,301,true
https://www.hikasustravel.com/nl/things-to-do-in-oni/,https://www.hikasustravel.com/nl/georgia/oni/things-to-do-in-oni/,301,true
https://www.hikasustravel.com/nl/destinations/cities/gurjaani/,https://www.hikasustravel.com/nl/georgia/gurjaani/,301,true
https://www.hikasustravel.com/nl/destinations/gurjaani/,https://www.hikasustravel.com/nl/georgia/gurjaani/,301,true
https://www.hikasustravel.com/nl/things-to-do-in-gurjaani/,https://www.hikasustravel.com/nl/georgia/gurjaani/things-to-do-in-gurjaani/,301,true
https://www.hikasustravel.com/nl/destinations/cities/sighnaghi/,https://www.hikasustravel.com/nl/georgia/sighnaghi/,301,true
https://www.hikasustravel.com/nl/destinations/sighnaghi/,https://www.hikasustravel.com/nl/georgia/sighnaghi/,301,true
https://www.hikasustravel.com/nl/things-to-do-in-sighnaghi/,https://www.hikasustravel.com/nl/georgia/sighnaghi/things-to-do-in-sighnaghi/,301,true
https://www.hikasustravel.com/nl/destinations/cities/rustavi/,https://www.hikasustravel.com/nl/georgia/rustavi/,301,true
https://www.hikasustravel.com/nl/destinations/rustavi/,https://www.hikasustravel.com/nl/georgia/rustavi/,301,true
https://www.hikasustravel.com/nl/things-to-do-in-rustavi/,https://www.hikasustravel.com/nl/georgia/rustavi/things-to-do-in-rustavi/,301,true
https://www.hikasustravel.com/nl/destinations/cities/kvareli/,https://www.hikasustravel.com/nl/georgia/kvareli/,301,true
https://www.hikasustravel.com/nl/destinations/kvareli/,https://www.hikasustravel.com/nl/georgia/kvareli/,301,true
https://www.hikasustravel.com/nl/things-to-do-in-kvareli/,https://www.hikasustravel.com/nl/georgia/kvareli/things-to-do-in-kvareli/,301,true
https://www.hikasustravel.com/nl/destinations/cities/gori/,https://www.hikasustravel.com/nl/georgia/gori/,301,true
https://www.hikasustravel.com/nl/destinations/gori/,https://www.hikasustravel.com/nl/georgia/gori/,301,true
https://www.hikasustravel.com/nl/things-to-do-in-gori/,https://www.hikasustravel.com/nl/georgia/gori/things-to-do-in-gori/,301,true
https://www.hikasustravel.com/nl/destinations/cities/borjomi/,https://www.hikasustravel.com/nl/georgia/borjomi/,301,true
https://www.hikasustravel.com/nl/destinations/borjomi/,https://www.hikasustravel.com/nl/georgia/borjomi/,301,true
https://www.hikasustravel.com/nl/things-to-do-in-borjomi/,https://www.hikasustravel.com/nl/georgia/borjomi/things-to-do-in-borjomi/,301,true
https://www.hikasustravel.com/nl/destinations/cities/kazbegi/,https://www.hikasustravel.com/nl/georgia/kazbegi/,301,true
https://www.hikasustravel.com/nl/destinations/kazbegi/,https://www.hikasustravel.com/nl/georgia/kazbegi/,301,true
https://www.hikasustravel.com/nl/things-to-do-in-kazbegi/,https://www.hikasustravel.com/nl/georgia/kazbegi/things-to-do-in-kazbegi/,301,true
https://www.hikasustravel.com/nl/destinations/cities/gudauri/,https://www.hikasustravel.com/nl/georgia/gudauri/,301,true
https://www.hikasustravel.com/nl/destinations/gudauri/,https://www.hikasustravel.com/nl/georgia/gudauri/,301,true
https://www.hikasustravel.com/nl/things-to-do-in-gudauri/,https://www.hikasustravel.com/nl/georgia/gudauri/things-to-do-in-gudauri/,301,true
https://www.hikasustravel.com/nl/destinations/cities/dmanisi/,https://www.hikasustravel.com/nl/georgia/dmanisi/,301,true
https://www.hikasustravel.com/nl/destinations/dmanisi/,https://www.hikasustravel.com/nl/georgia/dmanisi/,301,true
https://www.hikasustravel.com/nl/things-to-do-in-dmanisi/,https://www.hikasustravel.com/nl/georgia/dmanisi/things-to-do-in-dmanisi/,301,true
https://www.hikasustravel.com/nl/destinations/cities/bolnisi/,https://www.hikasustravel.com/nl/georgia/bolnisi/,301,true
https://www.hikasustravel.com/nl/destinations/bolnisi/,https://www.hikasustravel.com/nl/georgia/bolnisi/,301,true
https://www.hikasustravel.com/nl/things-to-do-in-bolnisi/,https://www.hikasustravel.com/nl/georgia/bolnisi/things-to-do-in-bolnisi/,301,true
https://www.hikasustravel.com/nl/destinations/regions/adjara/,https://www.hikasustravel.com/nl/georgia/regions/adjara/,301,true
https://www.hikasustravel.com/nl/things-to-do-in-adjara/,https://www.hikasustravel.com/nl/georgia/adjara/things-to-do-in-adjara/,301,true
https://www.hikasustravel.com/nl/destinations/regions/guria/,https://www.hikasustravel.com/nl/georgia/regions/guria/,301,true
https://www.hikasustravel.com/nl/things-to-do-in-guria/,https://www.hikasustravel.com/nl/georgia/guria/things-to-do-in-guria/,301,true
https://www.hikasustravel.com/nl/destinations/regions/imereti/,https://www.hikasustravel.com/nl/georgia/regions/imereti/,301,true
https://www.hikasustravel.com/nl/things-to-do-in-imereti/,https://www.hikasustravel.com/nl/georgia/imereti/things-to-do-in-imereti/,301,true
https://www.hikasustravel.com/nl/destinations/regions/kakheti/,https://www.hikasustravel.com/nl/georgia/regions/kakheti/,301,true
https://www.hikasustravel.com/nl/things-to-do-in-kakheti/,https://www.hikasustravel.com/nl/georgia/kakheti/things-to-do-in-kakheti/,301,true
https://www.hikasustravel.com/nl/destinations/regions/kvemo-kartli/,https://www.hikasustravel.com/nl/georgia/regions/kvemo-kartli/,301,true
https://www.hikasustravel.com/nl/things-to-do-in-kvemo-kartli/,https://www.hikasustravel.com/nl/georgia/kvemo-kartli/things-to-do-in-kvemo-kartli/,301,true
https://www.hikasustravel.com/nl/destinations/regions/lechkhumi/,https://www.hikasustravel.com/nl/georgia/regions/lechkhumi/,301,true
https://www.hikasustravel.com/nl/things-to-do-in-lechkhumi/,https://www.hikasustravel.com/nl/georgia/lechkhumi/things-to-do-in-lechkhumi/,301,true
https://www.hikasustravel.com/nl/destinations/regions/mtskheta-mtianeti/,https://www.hikasustravel.com/nl/georgia/regions/mtskheta-mtianeti/,301,true
https://www.hikasustravel.com/nl/things-to-do-in-mtskheta-mtianeti/,https://www.hikasustravel.com/nl/georgia/mtskheta-mtianeti/things-to-do-in-mtskheta-mtianeti/,301,true
https://www.hikasustravel.com/nl/destinations/regions/racha/,https://www.hikasustravel.com/nl/georgia/regions/racha/,301,true
https://www.hikasustravel.com/nl/things-to-do-in-racha/,https://www.hikasustravel.com/nl/georgia/racha/things-to-do-in-racha/,301,true
https://www.hikasustravel.com/nl/destinations/regions/samegrelo/,https://www.hikasustravel.com/nl/georgia/regions/samegrelo/,301,true
https://www.hikasustravel.com/nl/things-to-do-in-samegrelo/,https://www.hikasustravel.com/nl/georgia/samegrelo/things-to-do-in-samegrelo/,301,true
https://www.hikasustravel.com/nl/destinations/regions/samtskhe-javakheti/,https://www.hikasustravel.com/nl/georgia/regions/samtskhe-javakheti/,301,true
https://www.hikasustravel.com/nl/things-to-do-in-samtskhe-javakheti/,https://www.hikasustravel.com/nl/georgia/samtskhe-javakheti/things-to-do-in-samtskhe-javakheti/,301,true
https://www.hikasustravel.com/nl/destinations/regions/shida-kartli/,https://www.hikasustravel.com/nl/georgia/regions/shida-kartli/,301,true
https://www.hikasustravel.com/nl/things-to-do-in-shida-kartli/,https://www.hikasustravel.com/nl/georgia/shida-kartli/things-to-do-in-shida-kartli/,301,true
https://www.hikasustravel.com/nl/destinations/regions/svaneti/,https://www.hikasustravel.com/nl/georgia/regions/svaneti/,301,true
https://www.hikasustravel.com/nl/things-to-do-in-svaneti/,https://www.hikasustravel.com/nl/georgia/svaneti/things-to-do-in-svaneti/,301,true
https://www.hikasustravel.com/nl/georgia/regions/racha-lechkhumi/tsageri-history-museum/,https://www.hikasustravel.com/nl/georgia/racha-lechkhumi/tsageri-history-museum/,301,true
https://www.hikasustravel.com/nl/georgia/regions/racha-lechkhumi/sairme-pillars/,https://www.hikasustravel.com/nl/georgia/racha-lechkhumi/sairme-pillars/,301,true
https://www.hikasustravel.com/nl/georgia/regions/racha-lechkhumi/rachkha-waterfall/,https://www.hikasustravel.com/nl/georgia/racha-lechkhumi/rachkha-waterfall/,301,true
https://www.hikasustravel.com/nl/georgia/regions/racha-lechkhumi/verdzistava-waterfall/,https://www.hikasustravel.com/nl/georgia/racha-lechkhumi/verdzistava-waterfall/,301,true
https://www.hikasustravel.com/nl/georgia/regions/racha-lechkhumi/zubi-fortress/,https://www.hikasustravel.com/nl/georgia/racha-lechkhumi/zubi-fortress/,301,true
https://www.hikasustravel.com/nl/georgia/regions/racha-lechkhumi/orbeli-fortress/,https://www.hikasustravel.com/nl/georgia/racha-lechkhumi/orbeli-fortress/,301,true
https://www.hikasustravel.com/nl/georgia/regions/racha-lechkhumi/lailashi-pool-okronishi/,https://www.hikasustravel.com/nl/georgia/racha-lechkhumi/lailashi-pool-okronishi/,301,true
https://www.hikasustravel.com/nl/georgia/regions/racha-lechkhumi/kulbaki-lakes/,https://www.hikasustravel.com/nl/georgia/racha-lechkhumi/kulbaki-lakes/,301,true
https://www.hikasustravel.com/nl/georgia/regions/racha-lechkhumi/cholevi-lake/,https://www.hikasustravel.com/nl/georgia/racha-lechkhumi/cholevi-lake/,301,true
https://www.hikasustravel.com/nl/georgia/regions/racha-lechkhumi/love-waterfall/,https://www.hikasustravel.com/nl/georgia/racha-lechkhumi/love-waterfall/,301,true
https://www.hikasustravel.com/nl/georgia/regions/racha-lechkhumi/minda-fortress/,https://www.hikasustravel.com/nl/georgia/racha-lechkhumi/minda-fortress/,301,true
https://www.hikasustravel.com/nl/georgia/regions/racha-lechkhumi/nikortsminda-cathedral/,https://www.hikasustravel.com/nl/georgia/racha-lechkhumi/nikortsminda-cathedral/,301,true
https://www.hikasustravel.com/nl/georgia/regions/racha-lechkhumi/shaori-lake/,https://www.hikasustravel.com/nl/georgia/racha-lechkhumi/shaori-lake/,301,true
https://www.hikasustravel.com/nl/georgia/regions/racha-lechkhumi/udziro-lake/,https://www.hikasustravel.com/nl/georgia/racha-lechkhumi/udziro-lake/,301,true
https://www.hikasustravel.com/nl/georgia/regions/racha-lechkhumi/khvamli-mountain/,https://www.hikasustravel.com/nl/georgia/racha-lechkhumi/khvamli-mountain/,301,true
https://www.hikasustravel.com/nl/georgia/regions/racha-lechkhumi/ghvirishi-waterfall/,https://www.hikasustravel.com/nl/georgia/racha-lechkhumi/ghvirishi-waterfall/,301,true
https://www.hikasustravel.com/nl/georgia/regions/racha-lechkhumi/askhi-massif/,https://www.hikasustravel.com/nl/georgia/racha-lechkhumi/askhi-massif/,301,true
https://www.hikasustravel.com/nl/georgia/regions/racha-lechkhumi/dekhviri-fortress/,https://www.hikasustravel.com/nl/georgia/racha-lechkhumi/dekhviri-fortress/,301,true
https://www.hikasustravel.com/nl/georgia/regions/kvemo-kartli/algeti-national-park/,https://www.hikasustravel.com/nl/georgia/kvemo-kartli/algeti-national-park/,301,true
https://www.hikasustravel.com/nl/georgia/regions/kvemo-kartli/birtvisi-fortress/,https://www.hikasustravel.com/nl/georgia/kvemo-kartli/birtvisi-fortress/,301,true
https://www.hikasustravel.com/nl/georgia/regions/kvemo-kartli/tsalka-dashbashi-canyon/,https://www.hikasustravel.com/nl/georgia/kvemo-kartli/tsalka-dashbashi-canyon/,301,true
https://www.hikasustravel.com/nl/georgia/regions/kakheti/ujarma-fortress/,https://www.hikasustravel.com/nl/georgia/kakheti/ujarma-fortress/,301,true
https://www.hikasustravel.com/nl/georgia/regions/kakheti/rtveli-georgian-grape-harvest/,https://www.hikasustravel.com/nl/georgia/kakheti/rtveli-georgian-grape-harvest/,301,true
https://www.hikasustravel.com/nl/georgia/regions/kakheti/pankisi-gorge/,https://www.hikasustravel.com/nl/georgia/kakheti/pankisi-gorge/,301,true
https://www.hikasustravel.com/nl/georgia/regions/kakheti/kvetera-fortress/,https://www.hikasustravel.com/nl/georgia/kakheti/kvetera-fortress/,301,true
https://www.hikasustravel.com/nl/georgia/regions/kakheti/lagodekhi-national-park/,https://www.hikasustravel.com/nl/georgia/kakheti/lagodekhi-national-park/,301,true
https://www.hikasustravel.com/nl/georgia/regions/kakheti/vashlovani-national-park/,https://www.hikasustravel.com/nl/georgia/kakheti/vashlovani-national-park/,301,true
https://www.hikasustravel.com/nl/georgia/regions/kakheti/gremi-archangels-complex/,https://www.hikasustravel.com/nl/georgia/kakheti/gremi-archangels-complex/,301,true
https://www.hikasustravel.com/nl/georgia/regions/kakheti/gombori-pass/,https://www.hikasustravel.com/nl/georgia/kakheti/gombori-pass/,301,true
https://www.hikasustravel.com/nl/georgia/regions/kakheti/david-gareja-monastery/,https://www.hikasustravel.com/nl/georgia/kakheti/david-gareja-monastery/,301,true
https://www.hikasustravel.com/nl/georgia/regions/guria/georgia-in-miniatures-shekvetili/,https://www.hikasustravel.com/nl/georgia/guria/georgia-in-miniatures-shekvetili/,301,true
https://www.hikasustravel.com/nl/georgia/regions/guria/musicians-park-shekvetili/,https://www.hikasustravel.com/nl/georgia/guria/musicians-park-shekvetili/,301,true
https://www.hikasustravel.com/nl/georgia/regions/guria/shekvetili-dendrological-park/,https://www.hikasustravel.com/nl/georgia/guria/shekvetili-dendrological-park/,301,true
https://www.hikasustravel.com/nl/georgia/regions/guria/shemokmedi-monastery/,https://www.hikasustravel.com/nl/georgia/guria/shemokmedi-monastery/,301,true
https://www.hikasustravel.com/nl/georgia/regions/guria/ureki-beach/,https://www.hikasustravel.com/nl/georgia/guria/ureki-beach/,301,true
https://www.hikasustravel.com/nl/georgia/regions/mtskheta-mtianeti/ananuri-fortress/,https://www.hikasustravel.com/nl/georgia/mtskheta-mtianeti/ananuri-fortress/,301,true
https://www.hikasustravel.com/nl/georgia/regions/shida-kartli/bateti-lake/,https://www.hikasustravel.com/nl/georgia/shida-kartli/bateti-lake/,301,true
https://www.hikasustravel.com/nl/georgia/regions/shida-kartli/kintsvisi-monastery/,https://www.hikasustravel.com/nl/georgia/shida-kartli/kintsvisi-monastery/,301,true
https://www.hikasustravel.com/nl/georgia/regions/shida-kartli/kvatakhevi-monastery/,https://www.hikasustravel.com/nl/georgia/shida-kartli/kvatakhevi-monastery/,301,true
https://www.hikasustravel.com/nl/georgia/regions/shida-kartli/samtavisi-cathedral/,https://www.hikasustravel.com/nl/georgia/shida-kartli/samtavisi-cathedral/,301,true
https://www.hikasustravel.com/nl/georgia/regions/imereti/prometheus-cave/,https://www.hikasustravel.com/nl/georgia/imereti/prometheus-cave/,301,true
https://www.hikasustravel.com/nl/georgia/regions/samtskhe-javakheti/vardzia/,https://www.hikasustravel.com/nl/georgia/samtskhe-javakheti/vardzia/,301,true
https://www.hikasustravel.com/nl/georgia/regions/samegrelo/nokalakevi/,https://www.hikasustravel.com/nl/georgia/samegrelo/nokalakevi/,301,true
https://www.hikasustravel.com/nl/georgia/regions/samegrelo/tobavarchkhili-lakes/,https://www.hikasustravel.com/nl/georgia/samegrelo/tobavarchkhili-lakes/,301,true
https://www.hikasustravel.com/nl/georgia/regions/samegrelo/paliastomi-lake-kolkheti-national-park/,https://www.hikasustravel.com/nl/georgia/samegrelo/paliastomi-lake-kolkheti-national-park/,301,true
https://www.hikasustravel.com/nl/georgia/regions/samegrelo/enguri-dam/,https://www.hikasustravel.com/nl/georgia/samegrelo/enguri-dam/,301,true
https://www.hikasustravel.com/nl/georgia/regions/samegrelo/intsra-waterfall/,https://www.hikasustravel.com/nl/georgia/samegrelo/intsra-waterfall/,301,true
https://www.hikasustravel.com/nl/georgia/regions/samegrelo/kolkheti-national-park/,https://www.hikasustravel.com/nl/georgia/samegrelo/kolkheti-national-park/,301,true
https://www.hikasustravel.com/nl/georgia/regions/svaneti/mount-ushba/,https://www.hikasustravel.com/nl/georgia/svaneti/mount-ushba/,301,true
https://www.hikasustravel.com/nl/georgia/regions/svaneti/svan-towers/,https://www.hikasustravel.com/nl/georgia/svaneti/svan-towers/,301,true
https://www.hikasustravel.com/nl/georgia/regions/samtskhe-javakheti/borjomi-kharagauli-national-park/,https://www.hikasustravel.com/nl/georgia/samtskhe-javakheti/borjomi-kharagauli-national-park/,301,true
https://www.hikasustravel.com/nl/georgia/regions/samtskhe-javakheti/khertvisi-fortress/,https://www.hikasustravel.com/nl/georgia/samtskhe-javakheti/khertvisi-fortress/,301,true
https://www.hikasustravel.com/nl/georgia/regions/samtskhe-javakheti/tmogvi-fortress/,https://www.hikasustravel.com/nl/georgia/samtskhe-javakheti/tmogvi-fortress/,301,true
https://www.hikasustravel.com/nl/georgia/regions/samtskhe-javakheti/lake-paravani/,https://www.hikasustravel.com/nl/georgia/samtskhe-javakheti/lake-paravani/,301,true
https://www.hikasustravel.com/nl/georgia/regions/samtskhe-javakheti/poka-nunnery/,https://www.hikasustravel.com/nl/georgia/samtskhe-javakheti/poka-nunnery/,301,true
https://www.hikasustravel.com/nl/georgia/regions/imereti/vani-archaeological-museum/,https://www.hikasustravel.com/nl/georgia/imereti/vani-archaeological-museum/,301,true
https://www.hikasustravel.com/nl/georgia/regions/imereti/ubisa-monastery/,https://www.hikasustravel.com/nl/georgia/imereti/ubisa-monastery/,301,true
https://www.hikasustravel.com/nl/georgia/regions/imereti/sataplia-nature-reserve/,https://www.hikasustravel.com/nl/georgia/imereti/sataplia-nature-reserve/,301,true
https://www.hikasustravel.com/nl/georgia/regions/imereti/okatse-kinchkha-waterfall/,https://www.hikasustravel.com/nl/georgia/imereti/okatse-kinchkha-waterfall/,301,true
https://www.hikasustravel.com/nl/georgia/racha-lechkhumi/khvanchkara-wine-monument/,https://www.hikasustravel.com/nl/georgia/ambrolauri/khvanchkara-wine-monument/,301,true
https://www.hikasustravel.com/nl/georgia/regions/racha-lechkhumi/khvanchkara-wine-monument/,https://www.hikasustravel.com/nl/georgia/ambrolauri/khvanchkara-wine-monument/,301,true
https://www.hikasustravel.com/nl/georgia/racha-lechkhumi/oni-synagogue/,https://www.hikasustravel.com/nl/georgia/oni/oni-synagogue/,301,true
https://www.hikasustravel.com/nl/georgia/regions/racha-lechkhumi/oni-synagogue/,https://www.hikasustravel.com/nl/georgia/oni/oni-synagogue/,301,true
https://www.hikasustravel.com/nl/georgia/kakheti/nekresi-monastery/,https://www.hikasustravel.com/nl/georgia/kvareli/nekresi-monastery/,301,true
https://www.hikasustravel.com/nl/georgia/regions/kakheti/nekresi-monastery/,https://www.hikasustravel.com/nl/georgia/kvareli/nekresi-monastery/,301,true
https://www.hikasustravel.com/nl/georgia/kakheti/gurjaani-kvelatsminda/,https://www.hikasustravel.com/nl/georgia/gurjaani/gurjaani-kvelatsminda/,301,true
https://www.hikasustravel.com/nl/georgia/regions/kakheti/gurjaani-kvelatsminda/,https://www.hikasustravel.com/nl/georgia/gurjaani/gurjaani-kvelatsminda/,301,true
https://www.hikasustravel.com/nl/georgia/shida-kartli/uplistsikhe/,https://www.hikasustravel.com/nl/georgia/gori/uplistsikhe/,301,true
https://www.hikasustravel.com/nl/georgia/regions/shida-kartli/uplistsikhe/,https://www.hikasustravel.com/nl/georgia/gori/uplistsikhe/,301,true
https://www.hikasustravel.com/nl/georgia/shida-kartli/ateni-sioni/,https://www.hikasustravel.com/nl/georgia/gori/ateni-sioni/,301,true
https://www.hikasustravel.com/nl/georgia/regions/shida-kartli/ateni-sioni/,https://www.hikasustravel.com/nl/georgia/gori/ateni-sioni/,301,true
https://www.hikasustravel.com/nl/georgia/samegrelo/martvili-canyon/,https://www.hikasustravel.com/nl/georgia/martvili/martvili-canyon/,301,true
https://www.hikasustravel.com/nl/georgia/regions/samegrelo/martvili-canyon/,https://www.hikasustravel.com/nl/georgia/martvili/martvili-canyon/,301,true
https://www.hikasustravel.com/nl/georgia/samegrelo/martvili-monastery/,https://www.hikasustravel.com/nl/georgia/martvili/martvili-monastery/,301,true
https://www.hikasustravel.com/nl/georgia/regions/samegrelo/martvili-monastery/,https://www.hikasustravel.com/nl/georgia/martvili/martvili-monastery/,301,true
https://www.hikasustravel.com/nl/georgia/samegrelo/dadiani-palace-museum/,https://www.hikasustravel.com/nl/georgia/zugdidi/dadiani-palace-museum/,301,true
https://www.hikasustravel.com/nl/georgia/regions/samegrelo/dadiani-palace-museum/,https://www.hikasustravel.com/nl/georgia/zugdidi/dadiani-palace-museum/,301,true
https://www.hikasustravel.com/nl/georgia/svaneti/chalaadi-glacier/,https://www.hikasustravel.com/nl/georgia/mestia/chalaadi-glacier/,301,true
https://www.hikasustravel.com/nl/georgia/regions/svaneti/chalaadi-glacier/,https://www.hikasustravel.com/nl/georgia/mestia/chalaadi-glacier/,301,true
https://www.hikasustravel.com/nl/georgia/svaneti/koruldi-lakes/,https://www.hikasustravel.com/nl/georgia/mestia/koruldi-lakes/,301,true
https://www.hikasustravel.com/nl/georgia/regions/svaneti/koruldi-lakes/,https://www.hikasustravel.com/nl/georgia/mestia/koruldi-lakes/,301,true
https://www.hikasustravel.com/nl/georgia/svaneti/tetnuldi-ski-resort/,https://www.hikasustravel.com/nl/georgia/mestia/tetnuldi-ski-resort/,301,true
https://www.hikasustravel.com/nl/georgia/regions/svaneti/tetnuldi-ski-resort/,https://www.hikasustravel.com/nl/georgia/mestia/tetnuldi-ski-resort/,301,true
https://www.hikasustravel.com/nl/georgia/svaneti/cross-over-mestia/,https://www.hikasustravel.com/nl/georgia/mestia/cross-over-mestia/,301,true
https://www.hikasustravel.com/nl/georgia/regions/svaneti/cross-over-mestia/,https://www.hikasustravel.com/nl/georgia/mestia/cross-over-mestia/,301,true
https://www.hikasustravel.com/nl/georgia/svaneti/shkhara-glacier/,https://www.hikasustravel.com/nl/georgia/ushguli/shkhara-glacier/,301,true
https://www.hikasustravel.com/nl/georgia/regions/svaneti/shkhara-glacier/,https://www.hikasustravel.com/nl/georgia/ushguli/shkhara-glacier/,301,true
https://www.hikasustravel.com/nl/georgia/imereti/katskhi-pillar/,https://www.hikasustravel.com/nl/georgia/chiatura/katskhi-pillar/,301,true
https://www.hikasustravel.com/nl/georgia/regions/imereti/katskhi-pillar/,https://www.hikasustravel.com/nl/georgia/chiatura/katskhi-pillar/,301,true
https://www.hikasustravel.com/nl/georgia/samtskhe-javakheti/abastumani-observatory/,https://www.hikasustravel.com/nl/georgia/abastumani/abastumani-observatory/,301,true
https://www.hikasustravel.com/nl/georgia/regions/samtskhe-javakheti/abastumani-observatory/,https://www.hikasustravel.com/nl/georgia/abastumani/abastumani-observatory/,301,true
https://www.hikasustravel.com/nl/georgia/samtskhe-javakheti/green-monastery/,https://www.hikasustravel.com/nl/georgia/borjomi/green-monastery/,301,true
https://www.hikasustravel.com/nl/georgia/regions/samtskhe-javakheti/green-monastery/,https://www.hikasustravel.com/nl/georgia/borjomi/green-monastery/,301,true
https://www.hikasustravel.com/nl/georgia/samtskhe-javakheti/sapara-monastery/,https://www.hikasustravel.com/nl/georgia/akhaltsikhe/sapara-monastery/,301,true
https://www.hikasustravel.com/nl/georgia/regions/samtskhe-javakheti/sapara-monastery/,https://www.hikasustravel.com/nl/georgia/akhaltsikhe/sapara-monastery/,301,true
https://www.hikasustravel.com/nl/georgia/samtskhe-javakheti/timotesubani-monastery/,https://www.hikasustravel.com/nl/georgia/borjomi/timotesubani-monastery/,301,true
https://www.hikasustravel.com/nl/georgia/regions/samtskhe-javakheti/timotesubani-monastery/,https://www.hikasustravel.com/nl/georgia/borjomi/timotesubani-monastery/,301,true
https://www.hikasustravel.com/nl/georgia/imereti/tetra-cave/,https://www.hikasustravel.com/nl/georgia/tskaltubo/tetra-cave/,301,true
https://www.hikasustravel.com/nl/georgia/regions/imereti/tetra-cave/,https://www.hikasustravel.com/nl/georgia/tskaltubo/tetra-cave/,301,true
https://www.hikasustravel.com/nl/georgia/imereti/mghvimevi-monastery/,https://www.hikasustravel.com/nl/georgia/chiatura/mghvimevi-monastery/,301,true
https://www.hikasustravel.com/nl/georgia/regions/imereti/mghvimevi-monastery/,https://www.hikasustravel.com/nl/georgia/chiatura/mghvimevi-monastery/,301,true
https://www.hikasustravel.com/nl/georgia/gudauri/russia-georgia-friendship-monument/,https://www.hikasustravel.com/nl/georgia/gudauri/gudauri-panorama/,301,true
https://www.hikasustravel.com/nl/georgia/kazbegi-stepantsminda/,https://www.hikasustravel.com/nl/georgia/kazbegi/,301,true
https://www.hikasustravel.com/nl/georgia/kazbegi-stepantsminda/things-to-do-in-kazbegi-stepantsminda/,https://www.hikasustravel.com/nl/georgia/kazbegi/things-to-do-in-kazbegi/,301,true
https://www.hikasustravel.com/nl/georgia/kazbegi-stepantsminda/gergeti-trinity-church/,https://www.hikasustravel.com/nl/georgia/kazbegi/gergeti-trinity-church/,301,true
https://www.hikasustravel.com/nl/georgia/kazbegi-stepantsminda/gveleti-waterfalls/,https://www.hikasustravel.com/nl/georgia/kazbegi/gveleti-waterfalls/,301,true
https://www.hikasustravel.com/nl/georgia/kazbegi-stepantsminda/juta/,https://www.hikasustravel.com/nl/georgia/kazbegi/juta/,301,true
https://www.hikasustravel.com/nl/georgia/kazbegi-stepantsminda/truso-valley/,https://www.hikasustravel.com/nl/georgia/kazbegi/truso-valley/,301,true
https://www.hikasustravel.com/nl/georgia/kazbegi-stepantsminda/arsha-waterfall/,https://www.hikasustravel.com/nl/georgia/kazbegi/arsha-waterfall/,301,true
https://www.hikasustravel.com/nl/georgia/kazbegi-stepantsminda/elia-hill-kazbegi/,https://www.hikasustravel.com/nl/georgia/kazbegi/elia-hill-kazbegi/,301,true
https://www.hikasustravel.com/nl/georgia/kazbegi-stepantsminda/gergeti-glacier/,https://www.hikasustravel.com/nl/georgia/kazbegi/gergeti-glacier/,301,true
https://www.hikasustravel.com/nl/private-tours/savor-the-flavors-of-kakheti-3-day-wine-and-culture-adventure/,https://www.hikasustravel.com/nl/private-tours/3-day-kakheti-wine-and-food-tour-from-tbilisi/,301,true
https://www.hikasustravel.com/nl/private-tours/experience-georgias-rich-culture-coastal-beauty-5-day-tour-from-tbilisi-to-batumi/,https://www.hikasustravel.com/nl/private-tours/5-day-private-tour-from-tbilisi-to-batumi/,301,true
https://www.hikasustravel.com/nl/private-tours/sulfur-baths-and-sipping-wine-5-days-of-georgian-delights/,https://www.hikasustravel.com/nl/private-tours/5-day-georgia-private-tour-tbilisi-wine-and-sulfur-baths/,301,true
https://www.hikasustravel.com/nl/private-tours/tbilisi-to-treasures-a-6-day-journey-through-georgias-icons-and-hidden-gems/,https://www.hikasustravel.com/nl/private-tours/6-day-georgia-private-tour-highlights-from-tbilisi/,301,true
https://www.hikasustravel.com/nl/private-tours/georgias-cultural-wonders-7-day-adventure-from-kutaisi-to-tbilisi-and-beyond/,https://www.hikasustravel.com/nl/private-tours/7-day-georgia-cultural-tour-kutaisi-to-tbilisi/,301,true
https://www.hikasustravel.com/nl/private-tours/experience-the-heart-of-georgia-8-day-journey-of-culture-nature-wine-tastings/,https://www.hikasustravel.com/nl/private-tours/8-day-georgia-private-tour-culture-nature-and-wine/,301,true
https://www.hikasustravel.com/nl/private-tours/immerse-yourself-in-georgia-8-day-cultural-and-adventure-journey-through-the-caucasus/,https://www.hikasustravel.com/nl/private-tours/8-day-georgia-culture-and-adventure-tour/,301,true
https://www.hikasustravel.com/nl/private-tours/ultimate-georgia-exploration-9-day-tour-from-kutaisi-to-tbilisi-and-hidden-gems/,https://www.hikasustravel.com/nl/private-tours/9-day-georgia-private-tour-kutaisi-to-tbilisi/,301,true
https://www.hikasustravel.com/nl/private-tours/wander-wonder-and-wine-9-days-of-georgias-best/,https://www.hikasustravel.com/nl/private-tours/georgia-grand-tour-9-days-from-tbilisi-to-batumi/,301,true
https://www.hikasustravel.com/nl/private-tours/wine-wonders-and-the-caucasus-a-9-day-adventure-in-georgia/,https://www.hikasustravel.com/nl/private-tours/9-day-georgia-wine-and-adventure-tour/,301,true
https://www.hikasustravel.com/nl/private-tours/13-day-georgia-grand-tour-culture-and-nature/,https://www.hikasustravel.com/nl/private-tours/13-day-georgia-grand-tour-from-kutaisi-culture-and-nature/,301,true
https://www.hikasustravel.com/nl/private-tours/grand-georgia-adventure-13-day-cultural-and-scenic-journey/,https://www.hikasustravel.com/nl/private-tours/13-day-georgia-grand-tour-from-kutaisi-culture-and-nature/,301,true
https://www.hikasustravel.com/nl/private-tours/georgia-on-my-mind-20-days-of-tasting-trekking-and-total-relaxation/,https://www.hikasustravel.com/nl/private-tours/20-day-georgia-grand-tour-wine-hiking-and-culture/,301,true
